StartDate,EndDate,Status,IPAddress,Progress,Duration (in seconds),Finished,RecordedDate,ResponseId,RecipientLastName,RecipientFirstName,RecipientEmail,ExternalReference,LocationLatitude,LocationLongitude,DistributionChannel,UserLanguage,Grp18 timer 1_First Click,Grp18 timer 1_Last Click,Grp18 timer 1_Page Submit,Grp18 timer 1_Click Count,Grp18 timer2_First Click,Grp18 timer2_Last Click,Grp18 timer2_Page Submit,Grp18 timer2_Click Count,Grp18 Q1Â ,Grp18 timer3_First Click,Grp18 timer3_Last Click,Grp18 timer3_Page Submit,Grp18 timer3_Click Count,Grp18 Q2,Grp18 Q3,PROLIFIC_PID,GrpNum,STUDY_ID,SESSION_ID,FL_6_DO
Start Date,End Date,Response Type,IP Address,Progress,Duration (in seconds),Finished,Recorded Date,Response ID,Recipient Last Name,Recipient First Name,Recipient Email,External Data Reference,Location Latitude,Location Longitude,Distribution Channel,User Language,Timing - First Click,Timing - Last Click,Timing - Page Submit,Timing - Click Count,Timing - First Click,Timing - Last Click,Timing - Page Submit,Timing - Click Count,"After seeing the content, how likely are you to click the Donate to Help button? (It leads you to a page where you can set the donation amount.)",Timing - First Click,Timing - Last Click,Timing - Page Submit,Timing - Click Count,Do you have a pet(s)?,How do you identify your gender?,PROLIFIC_PID,GrpNum,STUDY_ID,SESSION_ID,FL_6 - Block Randomizer - Display Order
"{""ImportId"":""startDate"",""timeZone"":""America/Los_Angeles""}","{""ImportId"":""endDate"",""timeZone"":""America/Los_Angeles""}","{""ImportId"":""status""}","{""ImportId"":""ipAddress""}","{""ImportId"":""progress""}","{""ImportId"":""duration""}","{""ImportId"":""finished""}","{""ImportId"":""recordedDate"",""timeZone"":""America/Los_Angeles""}","{""ImportId"":""_recordId""}","{""ImportId"":""recipientLastName""}","{""ImportId"":""recipientFirstName""}","{""ImportId"":""recipientEmail""}","{""ImportId"":""externalDataReference""}","{""ImportId"":""locationLatitude""}","{""ImportId"":""locationLongitude""}","{""ImportId"":""distributionChannel""}","{""ImportId"":""userLanguage""}","{""ImportId"":""QID10_FIRST_CLICK""}","{""ImportId"":""QID10_LAST_CLICK""}","{""ImportId"":""QID10_PAGE_SUBMIT""}","{""ImportId"":""QID10_CLICK_COUNT""}","{""ImportId"":""QID9_FIRST_CLICK""}","{""ImportId"":""QID9_LAST_CLICK""}","{""ImportId"":""QID9_PAGE_SUBMIT""}","{""ImportId"":""QID9_CLICK_COUNT""}","{""ImportId"":""QID4""}","{""ImportId"":""QID12_FIRST_CLICK""}","{""ImportId"":""QID12_LAST_CLICK""}","{""ImportId"":""QID12_PAGE_SUBMIT""}","{""ImportId"":""QID12_CLICK_COUNT""}","{""ImportId"":""QID6""}","{""ImportId"":""QID7""}","{""ImportId"":""PROLIFIC_PID""}","{""ImportId"":""GrpNum""}","{""ImportId"":""STUDY_ID""}","{""ImportId"":""SESSION_ID""}","{""ImportId"":""FL_6_DO""}"
2024-04-09 14:08:08,2024-04-09 14:08:30,1,,100,22,1,2024-04-09 14:08:31,R_5DP8RZhJ3XOAPmi,,,,,49.4645,-122.84,preview,EN,,,,,,,,,4,,,,,2,2,,,,,Grp18-Block2-Sad
2024-04-09 14:16:48,2024-04-09 14:17:25,1,,100,36,1,2024-04-09 14:17:26,R_5HcLobN0grQLGCZ,,,,,49.4645,-122.84,preview,EN,,,,,7.232,8.629,14.641,4,4,,,,,1,1,,,,,Grp18-Block3-Cute
2024-04-09 14:18:45,2024-04-09 14:19:31,1,,100,45,1,2024-04-09 14:19:32,R_3kw7ONFiIynavrQ,,,,,49.4645,-122.84,preview,EN,0,0,7.149,0,,,,,4,,,,,1,2,,,,,Grp18-Block2-Sad
2024-04-09 14:19:41,2024-04-09 14:20:20,1,,100,38,1,2024-04-09 14:20:21,R_3Gdp7OSaO27VH2j,,,,,49.4645,-122.84,preview,EN,,,,,0,0,6.305,0,4,,,,,1,2,,,,,Grp18-Block3-Cute
2024-04-09 14:20:20,2024-04-09 14:20:51,1,,100,31,1,2024-04-09 14:20:52,R_3dSJlm88KXJOAOe,,,,,49.4645,-122.84,preview,EN,0,0,4.044,0,,,,,3,,,,,3,2,,,,,Grp18-Block2-Sad
2024-04-09 14:22:51,2024-04-09 14:23:52,1,,100,61,1,2024-04-09 14:23:53,R_2wBF2k89qDpI0BX,,,,,49.4645,-122.84,preview,EN,0,0,3.502,0,,,,,5,,,,,2,2,,,,,Grp18-Block2-Sad
2024-04-09 15:43:32,2024-04-09 15:45:20,1,,100,108,1,2024-04-09 15:45:22,R_5C2AMxEfMFX1Y9d,,,,,49.4645,-122.84,preview,EN,3.113,4.351,68.998,2,,,,,5,6.84,6.84,22.955,1,1,2,,,,,Grp18-Block2-Sad
2024-04-09 15:44:54,2024-04-09 15:45:25,1,,100,31,1,2024-04-09 15:45:26,R_3jfemwjXzIIQJ7e,,,,,51.1202,-113.9429,preview,EN,,,,,2.291,3.141,4.044,2,4,3.679,5.314,5.637,4,1,2,,,,,Grp18-Block3-Cute
2024-04-09 15:45:35,2024-04-09 15:45:54,1,,100,18,1,2024-04-09 15:45:55,R_3kZV7aPTUJ7krKZ,,,,,51.1202,-113.9429,preview,EN,,,,,1.216,4.141,4.757,4,5,0.896,1.641,2.366,3,1,2,,,,,Grp18-Block3-Cute
2024-04-09 15:45:59,2024-04-09 15:46:18,1,,100,19,1,2024-04-09 15:46:19,R_3S0TNlXabUfmXn8,,,,,51.1202,-113.9429,preview,EN,1.306,2.572,3.328,2,,,,,5,1.168,2.126,2.929,3,1,2,,,,,Grp18-Block2-Sad
2024-04-09 15:52:16,2024-04-09 15:53:13,1,,100,57,1,2024-04-09 15:53:15,R_62rSkNtKZUgJnE5,,,,,49.2185,-123.034,preview,EN,3.038,3.972,6.901,2,,,,,4,7.661,14.129,16.338,8,2,2,,,,,Grp18-Block2-Sad
2024-04-09 17:53:12,2024-04-09 17:53:55,1,,100,43,1,2024-04-09 17:53:56,R_5RdVY3Q0iGRneHc,,,,,49.2492,-123.1924,preview,EN,,,,,8.578,8.578,9.624,1,3,4.248,4.248,5.904,1,2,2,,,,,Grp18-Block3-Cute
2024-04-09 18:04:00,2024-04-09 18:05:39,1,,100,99,1,2024-04-09 18:05:40,R_5MDm2IMds6yeUYW,,,,,49.2492,-123.1924,preview,EN,,,,,0,0,23.09,0,4,40.082,40.082,42.424,1,2,2,,,,,Grp18-Block3-Cute
2024-04-09 19:00:16,2024-04-09 19:00:38,1,,100,21,1,2024-04-09 19:00:39,R_5dI6ErUY9z1LfMJ,,,,,49.2492,-123.1924,preview,EN,0,0,6.859,0,,,,,4,1.54,1.54,2.395,1,,,,,,,Grp18-Block2-Sad
2024-04-09 19:06:21,2024-04-09 19:06:46,1,,100,24,1,2024-04-09 19:06:47,R_5NwbMDBGwHE2Fzm,,,,,49.2492,-123.1924,preview,EN,,,,,1.723,1.723,4.616,1,4,1.695,1.695,3.158,1,1,2,,,,,Grp18-Block3-Cute
2024-04-10 12:47:57,2024-04-10 12:48:15,0,138.9.173.248,100,17,1,2024-04-10 12:48:15,R_2xFND4EsUfy9WZq,,,,,37.9822,-121.3126,anonymous,EN,0,0,1.471,0,,,,,3,1.739,6.964,7.4,3,1,1,6110cb9fd3ba23cecacc8fc4,18,6616a611b1d4fd89aac7dfaa,6616ece029d63b5d1e8018fd,Grp18-Block2-Sad
2024-04-10 12:50:00,2024-04-10 12:50:23,0,172.58.231.181,100,22,1,2024-04-10 12:50:23,R_52M5yfIPTBrBeQ1,,,,,40.839,-73.946,anonymous,EN,,,,,0,0,11.815,0,5,2.43,2.795,3.335,2,1,3,61132361275e08754e30c2db,18,6616a611b1d4fd89aac7dfaa,6616ed5bdf29f908c7f01d85,Grp18-Block3-Cute
2024-04-10 12:55:02,2024-04-10 12:55:38,0,76.252.250.213,100,36,1,2024-04-10 12:55:39,R_1pgSHoWz5z1CkBg,,,,,34.6428,-86.8206,anonymous,EN,0,0,13.085,0,,,,,1,4.038,4.038,5.026,1,2,1,615d7e681c930db4365ca2d0,18,6616a611b1d4fd89aac7dfaa,6616ee8bb7e65940e5c6ed58,Grp18-Block2-Sad
2024-04-10 12:55:45,2024-04-10 12:56:08,0,162.154.24.201,100,22,1,2024-04-10 12:56:08,R_7FJzEYWIlnQLJyb,,,,,38.2182,-86.1125,anonymous,EN,,,,,0,0,8.33,0,2,2.88,3.494,4.488,2,1,2,610978200236b59da80571e7,18,6616a611b1d4fd89aac7dfaa,6616eeb1c4dda4c511ffe2f5,Grp18-Block3-Cute
2024-04-10 12:59:38,2024-04-10 13:00:57,0,24.9.120.131,100,78,1,2024-04-10 13:00:58,R_41qo92RhnDDlk09,,,,,40.1452,-105.1667,anonymous,EN,3.858,20.949,22.551,5,,,,,4,1.391,32.072,33.84,4,1,2,60f067c00efc2f5f81e0d7ca,18,6616a611b1d4fd89aac7dfaa,6616ef94cfb5f83c3b4cdecd,Grp18-Block2-Sad
2024-04-10 13:00:56,2024-04-10 13:01:23,0,173.16.157.227,100,26,1,2024-04-10 13:01:23,R_5zwLWwUM9Ltz76V,,,,,32.041,-84.2162,anonymous,EN,1.452,7.95,8.924,2,,,,,3,3.149,3.149,4.632,1,2,1,63bde534539394865b8ffa67,18,6616a611b1d4fd89aac7dfaa,6616efe69f3d0353f995ed8e,Grp18-Block2-Sad
2024-04-10 13:03:55,2024-04-10 13:04:18,0,174.193.131.39,100,23,1,2024-04-10 13:04:18,R_3WwKhjfViRAWJFf,,,,,34.024,-118.1965,anonymous,EN,,,,,0,0,3.995,0,5,1.739,1.739,2.482,1,1,1,5eea479c14742d0ad3e11468,18,6616a611b1d4fd89aac7dfaa,6616f07d92dd647160780840,Grp18-Block3-Cute
2024-04-10 13:07:18,2024-04-10 13:07:43,0,76.110.45.212,100,24,1,2024-04-10 13:07:43,R_5QMdnhJnOHXrqF2,,,,,25.8818,-80.2135,anonymous,EN,0,0,6.573,0,,,,,4,2.796,2.796,4.332,1,2,2,5c574d3f53fba80001bd302e,18,6616a611b1d4fd89aac7dfaa,6616f1659f3d0353f995edd9,Grp18-Block2-Sad
2024-04-10 13:07:45,2024-04-10 13:08:09,0,96.38.109.180,100,24,1,2024-04-10 13:08:10,R_5l8OEOnmIE8Kb9n,,,,,35.887,-84.1675,anonymous,EN,,,,,0,0,5.533,0,2,2.181,2.181,3.395,1,2,2,5f2dde4be81ec512f26e09e8,18,6616a611b1d4fd89aac7dfaa,6616f18421eb0c8126d83957,Grp18-Block3-Cute
2024-04-10 13:11:05,2024-04-10 13:11:32,0,68.53.159.119,100,27,1,2024-04-10 13:11:33,R_1OXmrwHGlD8xuKd,,,,,36.2646,-86.702,anonymous,EN,3.653,7.693,9.541,2,,,,,5,2.258,2.258,3.086,1,1,3,58e99511a415a4000150c617,18,6616a611b1d4fd89aac7dfaa,6616f24bf835d4bb15780895,Grp18-Block2-Sad
2024-04-10 13:11:48,2024-04-10 13:12:10,0,141.126.104.210,100,21,1,2024-04-10 13:12:11,R_5TGl68suQifeIAf,,,,,36.9102,-121.7564,anonymous,EN,,,,,0,0,4.352,0,4,3.649,3.649,5.103,1,1,1,5c552224f979a40001c44e4d,18,6616a611b1d4fd89aac7dfaa,6616f25f3324d9de9508d50e,Grp18-Block3-Cute
2024-04-10 13:14:15,2024-04-10 13:14:49,0,71.191.158.235,100,33,1,2024-04-10 13:14:49,R_6ksNuObfNakpExp,,,,,38.7493,-77.4719,anonymous,EN,0,0,14.995,0,,,,,5,2.095,3.214,3.717,2,1,2,659417e3075e6fce8d7979bf,18,6616a611b1d4fd89aac7dfaa,6616f30080c06a444bd8398d,Grp18-Block2-Sad
2024-04-10 13:14:57,2024-04-10 13:15:12,0,199.102.185.250,100,14,1,2024-04-10 13:15:12,R_6MPu1DnREqGSYQN,,,,,36.4679,-83.5543,anonymous,EN,,,,,0,0,1.801,0,4,2.683,2.683,3.095,1,2,1,63424c7909781444413899ac,18,6616a611b1d4fd89aac7dfaa,6616f339043a494609186931,Grp18-Block3-Cute
2024-04-10 13:17:14,2024-04-10 13:17:37,0,69.126.48.214,100,22,1,2024-04-10 13:17:38,R_5n9ntrLfy4NsOFU,,,,,41.2045,-73.1988,anonymous,EN,,,,,0,0,8.696,0,1,1.012,1.012,4,1,1,1,6336fde3da8c151ab0344a4f,18,6616a611b1d4fd89aac7dfaa,6616f3bb657c150e7bf43d10,Grp18-Block3-Cute
2024-04-10 13:17:12,2024-04-10 13:17:42,0,73.149.233.196,100,29,1,2024-04-10 13:17:42,R_7pSrulaUa0HbpM5,,,,,42.2463,-70.9972,anonymous,EN,0,0,6.189,0,,,,,3,2.407,3.407,3.935,3,1,1,5653c7df04212700124a0fdf,18,6616a611b1d4fd89aac7dfaa,6616f3b9d3e4037f01d47075,Grp18-Block2-Sad
2024-04-10 13:20:50,2024-04-10 13:21:15,0,107.77.205.67,100,25,1,2024-04-10 13:21:16,R_7JOy3KOxKuLwAmf,,,,,47.6034,-122.3414,anonymous,EN,,,,,0,0,6.801,0,3,3.08,4.591,5.254,2,1,3,60fd08261c4d3539bc825158,18,6616a611b1d4fd89aac7dfaa,6616f490252cd202424cfff7,Grp18-Block3-Cute
2024-04-10 13:20:48,2024-04-10 13:21:18,0,136.226.78.101,100,29,1,2024-04-10 13:21:18,R_29Hsl9jZuElVqPT,,,,,37.1835,-121.7714,anonymous,EN,14.997,14.997,16.944,1,,,,,4,1.239,1.701,2.159,2,1,1,627120b98967a5dbd4922c2e,18,6616a611b1d4fd89aac7dfaa,6616f49472452afb8bc6c73c,Grp18-Block2-Sad
2024-04-10 13:20:50,2024-04-10 13:21:42,0,72.202.179.111,100,52,1,2024-04-10 13:21:43,R_7D1tovhyIPgIMUe,,,,,35.4775,-97.4731,anonymous,EN,0,0,25.351,0,,,,,2,6.916,6.916,8.87,1,2,2,5f5a0f0a612008057e58d281,18,6616a611b1d4fd89aac7dfaa,6616f47ce0f47bcad8b3fedd,Grp18-Block2-Sad
2024-04-10 13:25:43,2024-04-10 13:26:36,0,67.184.70.159,100,52,1,2024-04-10 13:26:36,R_7V2c1kjz4haZsgp,,,,,41.7888,-88.0916,anonymous,EN,,,,,0,0,12.386,0,1,3.891,3.891,4.776,1,2,1,5f4828b6dbc4a22da4be4d72,18,6616a611b1d4fd89aac7dfaa,6616f5bda1bf8c18fb08d4e0,Grp18-Block3-Cute
2024-04-10 13:26:46,2024-04-10 13:27:17,0,68.103.25.127,100,31,1,2024-04-10 13:27:18,R_35EF1SbUt2EH0Lc,,,,,37.3933,-94.7162,anonymous,EN,,,,,1.119,9.671,10.234,15,2,1.298,6.279,6.868,7,1,1,62985696ac29368711b54098,18,6616a611b1d4fd89aac7dfaa,6616f5f1ef5ff84605f43d63,Grp18-Block3-Cute
2024-04-10 13:29:26,2024-04-10 13:30:00,0,174.211.229.11,100,34,1,2024-04-10 13:30:01,R_7VgXxbmbCfPJV4k,,,,,28.3939,-81.4216,anonymous,EN,1.361,14.497,14.974,16,,,,,5,4.198,5.775,6.359,2,1,2,606b6705399a272af8238dad,18,6616a611b1d4fd89aac7dfaa,6616f69a21d1564d6619e428,Grp18-Block2-Sad
2024-04-10 13:30:31,2024-04-10 13:31:12,0,216.21.168.82,100,41,1,2024-04-10 13:31:12,R_8TFNoNGn01TNId5,,,,,39.0847,-94.5308,anonymous,EN,0,0,9.197,0,,,,,1,19.707,19.707,21.02,1,3,2,5e40dd7981d99c3120fcabc5,18,6616a611b1d4fd89aac7dfaa,6616f6d7488493cce8e91b94,Grp18-Block2-Sad
2024-04-10 13:32:51,2024-04-10 13:33:34,0,69.226.230.79,100,43,1,2024-04-10 13:33:35,R_75SIsy1K3at23fZ,,,,,33.8574,-84.013,anonymous,EN,,,,,0,0,18.725,0,4,6.65,6.65,7.851,1,1,1,5dd3dc145e91193b816a60e1,18,6616a611b1d4fd89aac7dfaa,6616f756e3547ee81e734417,Grp18-Block3-Cute
2024-04-10 13:33:21,2024-04-10 13:33:56,0,50.35.14.186,100,34,1,2024-04-10 13:33:56,R_5liqgUHbzOEmUMJ,,,,,47.8978,-122.0693,anonymous,EN,0,0,13.975,0,,,,,3,5.989,5.989,7.117,1,2,1,5dd9e1e0a4aa2696d9a15c0d,18,6616a611b1d4fd89aac7dfaa,6616f77fd0ad3a16018d8fbc,Grp18-Block2-Sad
2024-04-10 13:35:32,2024-04-10 13:36:04,0,108.227.107.106,100,31,1,2024-04-10 13:36:05,R_3eThUcPNaT5St1f,,,,,33.8941,-87.1666,anonymous,EN,,,,,0,0,12.946,0,5,3.441,3.441,4.376,1,1,2,609e416f2662bd18ea7dcd4c,18,6616a611b1d4fd89aac7dfaa,6616f7f93c8100ba82169964,Grp18-Block3-Cute
2024-04-10 13:37:39,2024-04-10 13:38:39,0,71.254.6.227,100,59,1,2024-04-10 13:38:39,R_5Dc0JjWWcBLIDWU,,,,,42.801,-71.3085,anonymous,EN,,,,,12.141,12.141,18.18,1,4,3.03,3.03,4.949,1,1,2,5f98ab718920801c578363ab,18,6616a611b1d4fd89aac7dfaa,6616f867fa5df35817081702,Grp18-Block3-Cute
2024-04-10 13:36:58,2024-04-10 13:39:49,0,66.66.255.102,100,170,1,2024-04-10 13:39:49,R_7Cs6NNs6ZI7Hnk6,,,,,42.9908,-75.962,anonymous,EN,0,0,5.144,0,,,,,4,34.148,34.148,34.783,1,1,2,63eec085b1d2e79ac4fbbd78,18,6616a611b1d4fd89aac7dfaa,6616f7f25479550270e0bd0b,Grp18-Block2-Sad
2024-04-10 13:39:38,2024-04-10 13:40:00,0,172.56.163.23,100,22,1,2024-04-10 13:40:01,R_3FqAdG7q5lvglX9,,,,,40.7252,-73.944,anonymous,EN,,,,,0,0,7.853,0,5,2.48,3.747,4.773,2,1,2,5be2f3db4616da00010def19,18,6616a611b1d4fd89aac7dfaa,6616f8fa83d714c975eb8b95,Grp18-Block3-Cute
2024-04-10 13:39:43,2024-04-10 13:40:26,0,172.56.71.30,100,43,1,2024-04-10 13:40:26,R_1G3Wg7VNX8QHNE2,,,,,33.8895,-84.2921,anonymous,EN,14.513,14.513,14.54,1,,,,,4,4.653,8.586,12.06,3,2,2,6525756df17f4848fa86309b,18,6616a611b1d4fd89aac7dfaa,6616f8fa95c6409b7be2c7be,Grp18-Block2-Sad
2024-04-10 13:39:40,2024-04-10 13:40:53,0,97.97.97.105,100,72,1,2024-04-10 13:40:54,R_2ScVCWOqxyPdk8r,,,,,35.3965,-119.1268,anonymous,EN,,,,,57.037,57.724,58.732,2,3,1.126,3.379,3.649,3,1,1,636166e1694fe8d9ed77dd68,18,6616a611b1d4fd89aac7dfaa,6616f8c0b43a151d59633d1d,Grp18-Block3-Cute
2024-04-10 13:41:55,2024-04-10 13:42:41,0,166.198.28.86,100,46,1,2024-04-10 13:42:42,R_72MwdX7DN5U69s0,,,,,29.521,-98.362,anonymous,EN,0,0,15.535,0,,,,,2,6.1,6.554,7.484,2,1,1,56e1bea86ce054000b40097b,18,6616a611b1d4fd89aac7dfaa,6616f96d2444caacbcca1ced,Grp18-Block2-Sad
2024-04-10 13:42:58,2024-04-10 13:43:27,0,65.36.30.187,100,28,1,2024-04-10 13:43:28,R_3uBRRfBHCkJ6wRb,,,,,32.0321,-102.0898,anonymous,EN,,,,,0,0,9.665,0,5,2.711,2.711,5.313,1,1,2,60e744cb828b0b3d21466737,18,6616a611b1d4fd89aac7dfaa,6616f9c2b209b699616b233b,Grp18-Block3-Cute
2024-04-10 13:43:51,2024-04-10 13:44:11,0,12.74.212.71,100,19,1,2024-04-10 13:44:11,R_2LMZ6QNxAKj5icH,,,,,35.7614,-78.6015,anonymous,EN,0,0,5.587,0,,,,,1,2.121,2.121,2.958,1,1,2,659ec8e44bc69fccbc656d14,18,6616a611b1d4fd89aac7dfaa,6616f9fddab0f38ffee9a645,Grp18-Block2-Sad
2024-04-10 13:45:14,2024-04-10 13:46:11,0,96.255.86.170,100,56,1,2024-04-10 13:46:11,R_2es0VMCqjkKhS9G,,,,,38.9206,-76.8787,anonymous,EN,6.422,6.422,11.676,1,,,,,4,2.492,2.492,4.129,1,3,1,558997d8fdf99b7ae5007a6e,18,6616a611b1d4fd89aac7dfaa,6616fa3bbb01d0e12d216daa,Grp18-Block2-Sad
2024-04-10 13:47:17,2024-04-10 13:47:48,0,76.34.89.142,100,30,1,2024-04-10 13:47:49,R_1xXzpSnI7Sj163o,,,,,39.9758,-83.12,anonymous,EN,,,,,13.647,13.647,15.353,1,2,1.426,1.426,3.536,1,1,2,610cb2e82784ac6af6469fc5,18,6616a611b1d4fd89aac7dfaa,6616fac2895a702fed714dde,Grp18-Block3-Cute
2024-04-10 13:47:52,2024-04-10 13:48:11,0,24.243.127.123,100,18,1,2024-04-10 13:48:12,R_1GD01Zb2J1LGkuJ,,,,,26.2805,-98.4474,anonymous,EN,0,0,6.929,0,,,,,1,0.985,0.985,2.042,1,1,1,5a233c5d7413810001521d8f,18,6616a611b1d4fd89aac7dfaa,6616faeea26801f36df1f971,Grp18-Block2-Sad
2024-04-10 13:49:03,2024-04-10 13:49:30,0,76.152.66.32,100,26,1,2024-04-10 13:49:30,R_1VkCtubbnmt5rtd,,,,,41.3136,-72.9272,anonymous,EN,,,,,7.258,7.258,8.387,1,4,4.325,4.325,5.266,1,1,2,5fc502cb4583150009dc8a66,18,6616a611b1d4fd89aac7dfaa,6616fb26b7e65940e5c6ef5f,Grp18-Block3-Cute
2024-04-10 13:50:18,2024-04-10 13:50:42,0,23.119.132.49,100,23,1,2024-04-10 13:50:42,R_7gZoK4bZLBhjyFW,,,,,42.3122,-88.4418,anonymous,EN,,,,,0,0,9.493,0,4,2.623,2.623,4.363,1,2,1,5e6bba5459a3bd17473d4d6a,18,6616a611b1d4fd89aac7dfaa,6616fb811824cc47fe7b0e37,Grp18-Block3-Cute
2024-04-10 13:51:02,2024-04-10 13:51:18,0,134.22.93.204,100,15,1,2024-04-10 13:51:18,R_8Mb6ghrz98Ojkfy,,,,,32.107,-81.2499,anonymous,EN,0,0,3.348,0,,,,,2,3.1,3.1,3.778,1,2,1,64077ddd11208afe2bec171a,18,6616a611b1d4fd89aac7dfaa,6616fb96657c150e7bf43e77,Grp18-Block2-Sad
2024-04-10 13:51:45,2024-04-10 13:53:04,0,70.16.220.184,100,78,1,2024-04-10 13:53:04,R_1YmMzSwic7pWc4P,,,,,44.401,-69.95,anonymous,EN,,,,,0,0,14.748,0,2,3.617,8.294,9.312,3,2,2,6464daa493b4907f3e042730,18,6616a611b1d4fd89aac7dfaa,6616fbae23056ded9be91bdc,Grp18-Block3-Cute
2024-04-10 13:52:58,2024-04-10 13:53:24,0,173.247.7.228,100,26,1,2024-04-10 13:53:25,R_1EicVY8Xx0RZWgq,,,,,35.0278,-85.1461,anonymous,EN,0,0,11.08,0,,,,,4,3.247,3.247,5.354,1,2,1,5bd4869946e2010001a10827,18,6616a611b1d4fd89aac7dfaa,6616fc1e6d19956b6d491aa7,Grp18-Block2-Sad
2024-04-10 13:53:44,2024-04-10 13:54:11,0,73.247.228.40,100,26,1,2024-04-10 13:54:11,R_7It1fxYfOJeDSUh,,,,,41.8033,-87.9283,anonymous,EN,,,,,0,0,9.99,0,4,4.053,4.053,5.13,1,1,1,578d3224900cc80001d2e704,18,6616a611b1d4fd89aac7dfaa,6616fc470e98269b1fc6ca53,Grp18-Block3-Cute
2024-04-10 13:54:55,2024-04-10 13:55:43,0,192.251.249.206,100,48,1,2024-04-10 13:55:44,R_1F9TJuSn3H1rrDc,,,,,35.1144,-81.8708,anonymous,EN,0,0,18.4,0,,,,,4,5.256,9.437,10.462,3,1,2,5d6c10948cb0f70017b1f7a4,18,6616a611b1d4fd89aac7dfaa,6616fc89908836043011c3b4,Grp18-Block2-Sad
2024-04-10 13:55:31,2024-04-10 13:55:59,0,98.203.145.217,100,27,1,2024-04-10 13:55:59,R_5QYEhZbmXDEu0cF,,,,,47.8388,-122.1985,anonymous,EN,6.003,6.003,12.007,1,,,,,3,2.997,2.997,6.01,1,1,1,5dd3bfcd8b8df139ce007928,18,6616a611b1d4fd89aac7dfaa,6616fca52d61ac4543dbdad2,Grp18-Block2-Sad
2024-04-10 13:56:43,2024-04-10 13:57:39,0,65.130.198.3,100,55,1,2024-04-10 13:57:39,R_1L59Dh131hKaZgm,,,,,40.6982,-111.841,anonymous,EN,,,,,17.434,17.434,21.109,1,2,10.34,10.34,11.558,1,1,1,5c4eba38889752000156e096,18,6616a611b1d4fd89aac7dfaa,6616fcd50e98269b1fc6ca69,Grp18-Block3-Cute
2024-04-10 13:57:22,2024-04-10 13:57:58,0,68.78.202.239,100,35,1,2024-04-10 13:57:58,R_315PkKTK4oIXUfj,,,,,37.6787,-122.127,anonymous,EN,0,0,13.641,0,,,,,3,4.037,4.037,6.432,1,1,2,614809b50eb7b94a7b5c0100,18,6616a611b1d4fd89aac7dfaa,6616fd1dd18e7684a6d4151e,Grp18-Block2-Sad
2024-04-10 13:58:05,2024-04-10 13:58:32,0,162.228.32.242,100,26,1,2024-04-10 13:58:32,R_2LcijRfju4YHWfI,,,,,33.83,-85.7858,anonymous,EN,,,,,0,0,8.27,0,1,2.718,4.257,4.681,2,2,2,606b3da5eb533db26ffbfa36,18,6616a611b1d4fd89aac7dfaa,6616fd5100dadcc6fcdcde51,Grp18-Block3-Cute
2024-04-10 13:58:45,2024-04-10 13:59:06,0,72.184.20.171,100,20,1,2024-04-10 13:59:06,R_3kC8LYWPTkPUfMv,,,,,28.0239,-82.7265,anonymous,EN,,,,,0,0,7.044,0,2,3.799,3.799,4.782,1,1,1,6501fa22f5070cd868ef3555,18,6616a611b1d4fd89aac7dfaa,6616fd7c21706d900529c926,Grp18-Block3-Cute
2024-04-10 14:00:08,2024-04-10 14:01:09,0,174.195.36.216,100,61,1,2024-04-10 14:01:10,R_31sMdJnux0MC1XU,,,,,33.7542,-84.2601,anonymous,EN,0,0,17.586,0,,,,,1,24.023,31.186,31.778,5,2,2,627bbdcbf1475a64687a8cec,18,6616a611b1d4fd89aac7dfaa,6616fdc3dbd49045a9b7fce8,Grp18-Block2-Sad
2024-04-10 14:01:25,2024-04-10 14:01:56,0,24.56.2.73,100,30,1,2024-04-10 14:01:56,R_3wjENFhubpPxN9T,,,,,33.5339,-112.1722,anonymous,EN,0,0,7.695,0,,,,,2,4.07,5.503,6.743,2,3,2,660c38be036bc0302b452796,18,6616a611b1d4fd89aac7dfaa,6616fe09da3ea7e9792e59bc,Grp18-Block2-Sad
2024-04-10 14:02:09,2024-04-10 14:02:39,0,174.211.234.151,100,29,1,2024-04-10 14:02:39,R_38GrKptDoSAfJVF,,,,,28.4883,-81.4061,anonymous,EN,,,,,11.053,11.053,11.906,1,2,4.27,8.728,9.132,3,1,1,65f84de536fb86ecdb8a185c,18,6616a611b1d4fd89aac7dfaa,6616fe40bb9b8729f6601af4,Grp18-Block3-Cute
2024-04-10 14:02:49,2024-04-10 14:03:18,0,47.20.119.161,100,29,1,2024-04-10 14:03:19,R_6JU2FLNxPP5IZrP,,,,,40.7588,-73.5661,anonymous,EN,,,,,0,0,10.461,0,1,2.725,2.725,4.668,1,3,2,65dfac9c8559652ab54e3129,18,6616a611b1d4fd89aac7dfaa,6616fe6d9d6bd047bf4cd7cc,Grp18-Block3-Cute
2024-04-10 14:03:34,2024-04-10 14:04:02,0,172.101.199.44,100,28,1,2024-04-10 14:04:02,R_3psXyOCrgnTwtZT,,,,,42.9709,-77.5821,anonymous,EN,0,0,7.8,0,,,,,2,1.569,3.365,5.135,4,1,1,65dde65f62b60f3b65f6872a,18,6616a611b1d4fd89aac7dfaa,6616fe9a12d0e4b10595eed8,Grp18-Block2-Sad
2024-04-10 14:04:30,2024-04-10 14:05:00,0,73.100.19.18,100,30,1,2024-04-10 14:05:01,R_3FelEZh2gr9T7dm,,,,,43.0682,-70.7948,anonymous,EN,10.227,10.227,11.268,1,,,,,5,4.556,4.556,5.295,1,2,1,622a2b1c561ce3cd95519fd2,18,6616a611b1d4fd89aac7dfaa,6616fec8c24fdb22bb6da3f8,Grp18-Block2-Sad
2024-04-10 14:05:21,2024-04-10 14:05:39,0,174.231.134.124,100,18,1,2024-04-10 14:05:40,R_7QRWvHu7i6AdrGN,,,,,47.3121,-122.3661,anonymous,EN,,,,,0,0,6.412,0,1,2.144,3.442,4.47,3,2,2,60b05a87a15981f1dec088b6,18,6616a611b1d4fd89aac7dfaa,6616fef7554018847580bff9,Grp18-Block3-Cute
2024-04-10 14:06:05,2024-04-10 14:06:31,0,98.163.237.27,100,25,1,2024-04-10 14:06:31,R_3gNqEvP0q3KdRPY,,,,,30.0039,-90.1229,anonymous,EN,0,0,7.744,0,,,,,2,4.036,5.402,6.142,2,1,2,63f8083b81d600b33e288f21,18,6616a611b1d4fd89aac7dfaa,6616ff272d61ac4543dbdb47,Grp18-Block2-Sad
2024-04-10 14:07:02,2024-04-10 14:07:18,0,50.96.86.242,100,16,1,2024-04-10 14:07:19,R_7fICoAb9sGB8MaH,,,,,32.4599,-83.7244,anonymous,EN,,,,,0,0,5.295,0,5,1.654,1.654,2.376,1,1,1,5db4a409d27e05000f0eaa00,18,6616a611b1d4fd89aac7dfaa,6616ff6b5ac62c45f1293303,Grp18-Block3-Cute
2024-04-10 14:08:23,2024-04-10 14:08:56,0,66.169.164.211,100,33,1,2024-04-10 14:08:57,R_5LMQ0ar9H2opqut,,,,,32.9457,-97.1547,anonymous,EN,0.901,7.866,11.807,4,,,,,4,2.168,2.168,3.315,1,1,1,659ea356313eb6338cf975a1,18,6616a611b1d4fd89aac7dfaa,6616ffaa4e318e0bcb0f87f9,Grp18-Block2-Sad
2024-04-10 14:08:31,2024-04-10 14:09:11,0,97.157.242.113,100,40,1,2024-04-10 14:09:12,R_546HflYjNrIX8wI,,,,,42.437,-82.99,anonymous,EN,,,,,0,0,9.404,0,2,2.601,8.778,10.204,2,2,1,660746e980779d05e621c506,18,6616a611b1d4fd89aac7dfaa,6616ff9ae40f85b94a2fbddd,Grp18-Block3-Cute
2024-04-10 14:09:32,2024-04-10 14:10:30,0,73.42.112.85,100,57,1,2024-04-10 14:10:30,R_11WQagAAQu0hso1,,,,,35.6565,-106.0105,anonymous,EN,20.284,27.552,29.238,2,,,,,4,3.075,3.075,6.528,1,1,2,5d4a36e8a61675000169036f,18,6616a611b1d4fd89aac7dfaa,6616fffb4dde64e60f6eaab0,Grp18-Block2-Sad
2024-04-10 14:11:03,2024-04-10 14:11:33,0,166.199.172.56,100,29,1,2024-04-10 14:11:33,R_1qDso7WULpx7Ohz,,,,,41.8883,-87.7613,anonymous,EN,,,,,0,0,8.629,0,5,3.125,4.507,5.545,2,1,2,648343299ec8050d10aee27d,18,6616a611b1d4fd89aac7dfaa,6617004bcbe16bba2c31d873,Grp18-Block3-Cute
2024-04-10 14:11:47,2024-04-10 14:12:23,0,74.126.13.8,100,35,1,2024-04-10 14:12:23,R_1bZGSzYzqn1o3oR,,,,,42.4257,-83.1522,anonymous,EN,16.266,16.266,18.543,1,,,,,4,5.847,5.847,6.682,1,2,1,5c961ee66357fb0001ef4b4a,18,6616a611b1d4fd89aac7dfaa,66170082a57eaa2b5cd59aab,Grp18-Block2-Sad
2024-04-10 14:10:25,2024-04-10 14:12:24,0,63.160.189.30,100,118,1,2024-04-10 14:12:24,R_5Hzi9deV06Otmwr,,,,,39.0469,-77.4903,anonymous,EN,,,,,39.189,39.189,41.614,1,4,6.135,6.135,6.974,1,1,1,605fe9680cac2ea943d411ec,18,6616a611b1d4fd89aac7dfaa,6616ffe75bd3d8a5a8ca1daa,Grp18-Block3-Cute
2024-04-10 14:12:49,2024-04-10 14:13:24,0,73.171.167.142,100,35,1,2024-04-10 14:13:24,R_53DNxMHES6f2K50,,,,,30.1227,-81.351,anonymous,EN,,,,,0,0,15.519,0,2,3.826,3.826,5.055,1,2,1,5d8a1d20d1afcb0019d7390b,18,6616a611b1d4fd89aac7dfaa,661700b87a847632c50ae54f,Grp18-Block3-Cute
2024-04-10 14:13:42,2024-04-10 14:14:05,0,69.121.164.53,100,23,1,2024-04-10 14:14:06,R_3Ey61wRQQBmYV4Z,,,,,41.217,-73.0552,anonymous,EN,0,0,11.302,0,,,,,5,2.237,2.237,3.165,1,2,2,63f7df76fda679592c5132bf,18,6616a611b1d4fd89aac7dfaa,661700f825dda7f4f84cd808,Grp18-Block2-Sad
2024-04-10 14:13:43,2024-04-10 14:14:18,0,97.120.84.128,100,35,1,2024-04-10 14:14:18,R_50CFYkidVxmsjcJ,,,,,45.5173,-122.6398,anonymous,EN,0,0,13.478,0,,,,,2,5.348,5.348,6.396,1,1,1,6431a039ddca4f4c86f68b05,18,6616a611b1d4fd89aac7dfaa,661700f58bdd4ff53880c045,Grp18-Block2-Sad
2024-04-10 14:15:18,2024-04-10 14:16:16,0,174.238.107.41,100,58,1,2024-04-10 14:16:17,R_71uyr94wERHALru,,,,,35.2296,-80.843,anonymous,EN,13.071,21.493,24.149,8,,,,,2,4.412,7.195,8.754,4,1,2,658576f907b188a490cb0393,18,6616a611b1d4fd89aac7dfaa,6617013eaeef1c6c1fe42ddf,Grp18-Block2-Sad
2024-04-10 14:16:19,2024-04-10 14:17:13,0,204.242.1.104,100,53,1,2024-04-10 14:17:13,R_1wBLeTrl4Ils9oh,,,,,39.0469,-77.4903,anonymous,EN,,,,,0,0,13.864,0,4,7.02,7.02,8.112,1,2,1,65f97257c8a0adf79783f02a,18,6616a611b1d4fd89aac7dfaa,6617017ff6730256e1c24171,Grp18-Block3-Cute
2024-04-10 14:16:58,2024-04-10 14:17:32,0,174.74.159.191,100,34,1,2024-04-10 14:17:33,R_7gksr9hlGltaait,,,,,33.5132,-112.083,anonymous,EN,2.045,14.356,15.224,3,,,,,2,2.725,2.725,3.494,1,1,2,603032b2b88b07e8aceb10c4,18,6616a611b1d4fd89aac7dfaa,661701b8dfb0b47a66f8de2e,Grp18-Block2-Sad
2024-04-10 14:17:42,2024-04-10 14:18:15,0,35.138.37.59,100,32,1,2024-04-10 14:18:15,R_5TTbnvHkMGBkFqC,,,,,27.9448,-82.2409,anonymous,EN,,,,,0,0,8.054,0,2,3.674,3.674,4.929,1,1,2,599de70d8a6cc5000128f980,18,6616a611b1d4fd89aac7dfaa,661701e59ead170d4aea3636,Grp18-Block3-Cute
2024-04-10 14:17:40,2024-04-10 14:18:23,0,66.116.33.23,100,43,1,2024-04-10 14:18:24,R_2Nzt4x32u7dTf6u,,,,,39.8,-88.4451,anonymous,EN,,,,,0,0,7.556,0,1,3.384,3.384,6.378,1,2,1,581e0aee4182b600017307ea,18,6616a611b1d4fd89aac7dfaa,661701d32d61ac4543dbdbbb,Grp18-Block3-Cute
2024-04-10 14:18:51,2024-04-10 14:19:41,0,47.155.117.25,100,49,1,2024-04-10 14:19:41,R_363WK3tXZbaCKdy,,,,,39.0753,-120.9527,anonymous,EN,0,0,22.044,0,,,,,3,5.484,5.484,6.971,1,2,1,631916ad7afacf6bf7b9a0f6,18,6616a611b1d4fd89aac7dfaa,661702278461d4b49c31d8ce,Grp18-Block2-Sad
2024-04-10 14:19:36,2024-04-10 14:19:59,0,174.215.242.18,100,23,1,2024-04-10 14:20:00,R_3ps4ev87CWuxRhk,,,,,41.2581,-95.9325,anonymous,EN,1.491,9.498,10.198,8,,,,,5,1.329,2.145,3.076,4,1,1,642afe1d5b7b12b5f157d6c6,18,6616a611b1d4fd89aac7dfaa,6617025472452afb8bc6c9b8,Grp18-Block2-Sad
2024-04-10 14:20:31,2024-04-10 14:20:56,0,24.49.58.42,100,25,1,2024-04-10 14:20:58,R_6Fq1e8ItSDkuxax,,,,,39.6343,-77.7337,anonymous,EN,,,,,0,0,9.285,0,4,3.132,3.132,4.812,1,1,1,62f8b410d6f862caef45f2ff,18,6616a611b1d4fd89aac7dfaa,66170294c4782334679d7bf7,Grp18-Block3-Cute
2024-04-10 14:21:21,2024-04-10 14:21:38,0,107.130.155.79,100,17,1,2024-04-10 14:21:39,R_5hBswAMsihwKnG9,,,,,32.8266,-96.7888,anonymous,EN,,,,,0,0,6.935,0,3,3.477,3.661,4.228,2,1,2,610769f26a925fec975759ff,18,6616a611b1d4fd89aac7dfaa,661702c45f96b52eaa90ced9,Grp18-Block3-Cute
2024-04-10 14:22:00,2024-04-10 14:22:42,0,72.187.35.155,100,41,1,2024-04-10 14:22:42,R_1FJvQVYlJknC6qK,,,,,27.9981,-81.778,anonymous,EN,1.859,9.216,10.995,2,,,,,2,5.953,5.953,9.859,1,2,2,642727be26e2e928b64f0ab0,18,6616a611b1d4fd89aac7dfaa,661702dd21706d900529c9e9,Grp18-Block2-Sad
2024-04-10 14:15:04,2024-04-10 14:22:46,0,98.177.139.59,100,462,1,2024-04-10 14:22:47,R_1VD7nSaOtEfaKx8,,,,,33.2421,-111.6412,anonymous,EN,,,,,116.421,116.421,117.461,1,3,4.838,6.488,7.471,2,1,1,65e8d038441fa7d1d370691f,18,6616a611b1d4fd89aac7dfaa,661701467132a63f70491b9a,Grp18-Block3-Cute
2024-04-10 14:22:41,2024-04-10 14:23:27,0,173.215.104.151,100,45,1,2024-04-10 14:23:27,R_5DBi5izAhTEGIVc,,,,,41.59,-93.8604,anonymous,EN,,,,,11.172,12.072,13.684,2,3,4.652,6.347,7.335,2,1,2,5b9dd322f074140001050095,18,6616a611b1d4fd89aac7dfaa,661701037132a63f70491b8a,Grp18-Block3-Cute
2024-04-10 14:23:37,2024-04-10 14:24:08,0,99.131.1.131,100,30,1,2024-04-10 14:24:08,R_5ra0FMz1QpxYYBb,,,,,32.3974,-93.8052,anonymous,EN,0,0,9.973,0,,,,,5,3.923,3.923,5.832,1,1,2,62d59a066ee263bb659aa445,18,6616a611b1d4fd89aac7dfaa,66170311895a702fed714f5a,Grp18-Block2-Sad
2024-04-10 14:24:19,2024-04-10 14:24:41,0,173.93.17.141,100,22,1,2024-04-10 14:24:42,R_2offHDbfeB1Ud2x,,,,,34.2243,-77.8849,anonymous,EN,0,0,7.511,0,,,,,1,2.915,2.915,3.616,1,1,2,65f875242a042bd30c8b1fe6,18,6616a611b1d4fd89aac7dfaa,66170379fc610ea2f9c6effb,Grp18-Block2-Sad
2024-04-10 14:25:16,2024-04-10 14:25:37,0,172.59.169.29,100,21,1,2024-04-10 14:25:38,R_1Pul96QxlzP8tbo,,,,,38.6142,-90.291,anonymous,EN,,,,,0,0,7.061,0,2,3.646,4.646,5.607,3,2,3,60576a40b07bfa499084e966,18,6616a611b1d4fd89aac7dfaa,661703ac9b546d6414ed01d1,Grp18-Block3-Cute
2024-04-10 14:25:19,2024-04-10 14:25:55,0,50.238.167.162,100,36,1,2024-04-10 14:25:56,R_72o6EbTTmXYHFXc,,,,,37.8886,-78.3516,anonymous,EN,0,0,19.627,0,,,,,1,2.515,2.515,3.743,1,2,1,614f4893a7f27d638ea5e58c,18,6616a611b1d4fd89aac7dfaa,661703b221d1564d6619e62e,Grp18-Block2-Sad
2024-04-10 14:25:18,2024-04-10 14:25:58,0,72.49.104.106,100,39,1,2024-04-10 14:25:58,R_2QEm7aO5vRl49Pn,,,,,39.0463,-84.3352,anonymous,EN,14.065,14.065,17.245,1,,,,,4,4.457,4.457,7.398,1,1,2,660f3824fcf6bd7bdbd8a75a,18,6616a611b1d4fd89aac7dfaa,6617035d34d6f85d29e874c9,Grp18-Block2-Sad
2024-04-10 14:27:00,2024-04-10 14:27:25,0,73.173.86.235,100,25,1,2024-04-10 14:27:25,R_2PiHuDYq2u3eYhO,,,,,38.5177,-76.7813,anonymous,EN,,,,,0,0,8.333,0,1,2.308,3.069,3.764,2,3,2,6304b7a752adde130e57bddf,18,6616a611b1d4fd89aac7dfaa,66170413cbe16bba2c31d8f6,Grp18-Block3-Cute
2024-04-10 14:27:08,2024-04-10 14:27:42,0,65.32.232.139,100,34,1,2024-04-10 14:27:42,R_5IARtsrKrEWGbcE,,,,,27.5595,-82.3934,anonymous,EN,,,,,7.695,7.695,9.529,1,4,3.963,3.963,5.194,1,1,1,66044ed0808fca6c1f39766f,18,6616a611b1d4fd89aac7dfaa,6617041a32eb411fec429933,Grp18-Block3-Cute
2024-04-10 14:27:53,2024-04-10 14:28:33,0,174.197.5.112,100,39,1,2024-04-10 14:28:33,R_5NqjoA3vtTXq3zX,,,,,32.7797,-96.8022,anonymous,EN,,,,,0,0,13.7,0,2,5.519,6.413,6.899,2,1,3,65f353147653b5d6eee93ebe,18,6616a611b1d4fd89aac7dfaa,6617043df23de2ea95b3ffb4,Grp18-Block3-Cute
2024-04-10 14:28:23,2024-04-10 14:28:49,0,162.235.68.160,100,25,1,2024-04-10 14:28:49,R_19PJUJZ3kW6ajg5,,,,,30.1294,-95.4238,anonymous,EN,6.278,6.278,7.918,1,,,,,4,2.592,2.592,3.633,1,1,2,611ab91a00baa062f55b86d8,18,6616a611b1d4fd89aac7dfaa,6617046b23056ded9be91d5e,Grp18-Block2-Sad
2024-04-10 14:29:05,2024-04-10 14:29:44,0,64.18.227.202,100,38,1,2024-04-10 14:29:44,R_7N4kvZF66nzRSzJ,,,,,41.8059,-89.7106,anonymous,EN,,,,,0,0,20.297,0,1,3.752,3.752,8.577,1,1,1,627e806c3aed88dec8b99815,18,6616a611b1d4fd89aac7dfaa,6617048b3f413e74e22dcac6,Grp18-Block3-Cute
2024-04-10 14:29:32,2024-04-10 14:29:57,0,107.4.58.211,100,24,1,2024-04-10 14:29:57,R_6VP9LL4bAMjjmJH,,,,,42.2789,-85.6904,anonymous,EN,0,0,8.021,0,,,,,2,4.012,4.012,4.95,1,1,1,5e8533ea660027000945d9bf,18,6616a611b1d4fd89aac7dfaa,661704ad453929b4ed4298aa,Grp18-Block2-Sad
2024-04-10 14:30:20,2024-04-10 14:30:46,0,99.8.115.120,100,26,1,2024-04-10 14:30:47,R_3q0IRu5Qo4eIGMV,,,,,33.9249,-117.4592,anonymous,EN,0,0,10.216,0,,,,,4,5.106,5.106,6.291,1,3,1,65de7834bf9681ece413e847,18,6616a611b1d4fd89aac7dfaa,661704e2f8512b83076af57c,Grp18-Block2-Sad
2024-04-10 14:30:52,2024-04-10 14:31:22,0,76.89.68.31,100,30,1,2024-04-10 14:31:23,R_5H5ZCC0lupJMeHD,,,,,33.9571,-118.3622,anonymous,EN,,,,,8.612,8.612,11.081,1,4,2.9,2.9,3.491,1,1,1,5d37d2861566530016a061de,18,6616a611b1d4fd89aac7dfaa,661704eabdb8e44cb054e3d8,Grp18-Block3-Cute
2024-04-10 14:30:54,2024-04-10 14:31:24,0,73.16.26.65,100,30,1,2024-04-10 14:31:24,R_7z2LteRX61ngE0h,,,,,43.8971,-69.9817,anonymous,EN,,,,,0,0,13.15,0,4,2.115,3.446,4.032,3,2,1,61096b18dc10f2a5fb0db48b,18,6616a611b1d4fd89aac7dfaa,661704669f0b8ad5b4002dd5,Grp18-Block3-Cute
2024-04-10 14:32:30,2024-04-10 14:32:52,0,71.183.186.181,100,21,1,2024-04-10 14:32:52,R_790315XVoCNj2WW,,,,,40.8881,-73.8414,anonymous,EN,0,0,5.817,0,,,,,3,2.778,2.778,3.679,1,1,2,65c10f0bd0ac337628044162,18,6616a611b1d4fd89aac7dfaa,66170561252cd202424d02f6,Grp18-Block2-Sad
2024-04-10 14:32:52,2024-04-10 14:33:14,0,172.58.124.88,100,21,1,2024-04-10 14:33:14,R_1GNSGac9uj3rjOx,,,,,42.3888,-83.1895,anonymous,EN,0,0,6.901,0,,,,,4,1.801,2.532,5.493,2,1,1,65c16d7893bb376efc5c2ece,18,6616a611b1d4fd89aac7dfaa,661705632d437c4457ea7f0e,Grp18-Block2-Sad
2024-04-10 14:33:42,2024-04-10 14:34:11,0,74.137.127.37,100,28,1,2024-04-10 14:34:11,R_1G7IDvE8OAYlZYr,,,,,39.9758,-83.12,anonymous,EN,,,,,0,0,13.757,0,4,1.448,2.608,3.106,2,1,2,5c01d3c509e9c70001500b10,18,6616a611b1d4fd89aac7dfaa,661705aae3c5d9ebeae874f2,Grp18-Block3-Cute
2024-04-10 14:33:49,2024-04-10 14:34:15,0,24.18.167.35,100,26,1,2024-04-10 14:34:16,R_5exXZC1UsB0dwDM,,,,,47.6176,-122.1424,anonymous,EN,0,0,10.563,0,,,,,2,4.192,4.192,5.534,1,1,1,614f89a9441723072040d4de,18,6616a611b1d4fd89aac7dfaa,661705a2d9af9c3aa9c61147,Grp18-Block2-Sad
2024-04-10 14:34:47,2024-04-10 14:35:14,0,71.212.115.177,100,27,1,2024-04-10 14:35:15,R_5Etxlrcio8rWYB2,,,,,47.5364,-122.278,anonymous,EN,,,,,0,0,13.473,0,1,2.078,2.078,3.857,1,2,1,5be50cc6ee923700016d1a1b,18,6616a611b1d4fd89aac7dfaa,661705e8da3ea7e9792e5b19,Grp18-Block3-Cute
2024-04-10 14:35:15,2024-04-10 14:35:42,0,71.76.27.166,100,26,1,2024-04-10 14:35:42,R_1mfw5tJisiTIMj1,,,,,33.4326,-79.3274,anonymous,EN,,,,,0,0,9.515,0,3,5.158,6.741,7.441,2,1,2,5c695a065416680001bef3c0,18,6616a611b1d4fd89aac7dfaa,6617056c72452afb8bc6ca63,Grp18-Block3-Cute
2024-04-10 14:35:54,2024-04-10 14:36:26,0,24.131.171.233,100,32,1,2024-04-10 14:36:27,R_32cxbAek1qOw4KJ,,,,,45.1713,-93.3872,anonymous,EN,11.75,11.75,12.341,1,,,,,5,3.706,3.706,4.828,1,1,2,65031f68de6e940396216f8a,18,6616a611b1d4fd89aac7dfaa,66170622252cd202424d031b,Grp18-Block2-Sad
2024-04-10 14:35:51,2024-04-10 14:36:38,0,73.247.232.102,100,46,1,2024-04-10 14:36:38,R_2CIvXHjPqIxqykQ,,,,,40.4591,-90.6805,anonymous,EN,20.831,20.831,23.478,1,,,,,4,5.077,5.077,6.093,1,1,2,5b4e482fb8b20a00015a9e2e,18,6616a611b1d4fd89aac7dfaa,661706132444caacbcca1f70,Grp18-Block2-Sad
2024-04-10 14:37:11,2024-04-10 14:37:50,0,71.238.74.189,100,39,1,2024-04-10 14:37:50,R_2sXUH0x4CQJvqdr,,,,,45.5221,-122.8585,anonymous,EN,,,,,9.166,11.022,13.38,2,4,2.424,3.692,7.544,2,1,2,65cb90ace80f886a058024ce,18,6616a611b1d4fd89aac7dfaa,66170670b2e78ad6e249eda6,Grp18-Block3-Cute
2024-04-10 14:37:41,2024-04-10 14:38:20,0,100.37.49.87,100,38,1,2024-04-10 14:38:21,R_3ykJz9LaICGyjjy,,,,,40.5468,-74.1804,anonymous,EN,,,,,4.609,7.259,8.443,5,4,3.4,6.398,7.368,4,2,1,5b233660648d5b0001b7de87,18,6616a611b1d4fd89aac7dfaa,6617068ae846d11d7f7b33a0,Grp18-Block3-Cute
2024-04-10 14:38:50,2024-04-10 14:39:25,0,198.177.53.123,100,34,1,2024-04-10 14:39:25,R_5fpbAG0x7P24fBO,,,,,34.6506,-83.5096,anonymous,EN,0,0,6.276,0,,,,,5,9.483,18.947,19.591,10,1,1,5c8d7182d169ac0017d98627,18,6616a611b1d4fd89aac7dfaa,661706de92dd647160780be5,Grp18-Block2-Sad
2024-04-10 14:39:01,2024-04-10 14:39:45,0,184.58.128.215,100,43,1,2024-04-10 14:39:45,R_27BA6pZ0zDQOnHH,,,,,43.0122,-88.3785,anonymous,EN,0,0,17.557,0,,,,,4,4.03,4.03,5.345,1,1,2,6568b6ed4486fd744550af5a,18,6616a611b1d4fd89aac7dfaa,661706d31ed3e450b152df93,Grp18-Block2-Sad
2024-04-10 14:39:30,2024-04-10 14:39:57,0,152.22.83.24,100,26,1,2024-04-10 14:39:57,R_7JWvSfGi848fwdT,,,,,35.7274,-77.9228,anonymous,EN,,,,,7.209,7.209,11.83,1,1,2.248,2.248,3.372,1,1,2,61015eeeac2c6fae4f3696c6,18,6616a611b1d4fd89aac7dfaa,6617070521d1564d6619e6cb,Grp18-Block3-Cute
2024-04-10 14:39:55,2024-04-10 14:40:23,0,174.214.48.35,100,28,1,2024-04-10 14:40:24,R_6aeoqRLcmYTHaNK,,,,,38.3015,-85.7469,anonymous,EN,0,0,7.236,0,,,,,4,5.96,9.008,9.4,2,2,2,652628fee84059e7913a478b,18,6616a611b1d4fd89aac7dfaa,66170712a0db562e15450dc7,Grp18-Block2-Sad
2024-04-10 14:40:51,2024-04-10 14:41:10,0,73.222.229.80,100,19,1,2024-04-10 14:41:10,R_3jMOjyNQb3egWEF,,,,,37.4371,-121.8954,anonymous,EN,,,,,0,0,7.041,0,2,2.04,2.04,3.145,1,2,2,5a2cd6e98e00a0000198677e,18,6616a611b1d4fd89aac7dfaa,66170757a03e1b5c297b1030,Grp18-Block3-Cute
2024-04-10 14:41:07,2024-04-10 14:42:10,0,162.154.187.105,100,63,1,2024-04-10 14:42:10,R_1Fn8JcWWQftqb1k,,,,,39.0454,-82.6418,anonymous,EN,25.661,25.661,26.879,1,,,,,2,6.2,6.2,7.901,1,2,2,61282ca83be28773ac7c421f,18,6616a611b1d4fd89aac7dfaa,6617073a83b77849ef8617f9,Grp18-Block2-Sad
2024-04-10 14:41:52,2024-04-10 14:42:19,0,98.225.235.127,100,27,1,2024-04-10 14:42:20,R_3ZQZjHvCnJOV8Sb,,,,,39.9195,-75.1565,anonymous,EN,,,,,0,0,10.201,0,2,4.391,4.391,5.537,1,2,2,60cd83946509ada9844efee9,18,6616a611b1d4fd89aac7dfaa,6617079627af7b6595bd2cef,Grp18-Block3-Cute
2024-04-10 14:43:05,2024-04-10 14:43:39,0,72.23.23.27,100,33,1,2024-04-10 14:43:40,R_73fXjmmh6OkhuBj,,,,,40.9308,-82.0535,anonymous,EN,0,0,12.938,0,,,,,4,4.433,4.433,5.477,1,2,2,62d0880f5ba6d972d1bfc63c,18,6616a611b1d4fd89aac7dfaa,661707cdc40c5dc838b7fe5d,Grp18-Block2-Sad
2024-04-10 14:43:35,2024-04-10 14:44:04,0,75.215.184.179,100,29,1,2024-04-10 14:44:04,R_2qb0Yl6OO3NWIvt,,,,,30.4509,-91.1563,anonymous,EN,,,,,0,0,11.433,0,3,4.702,4.702,5.62,1,1,2,60cbe4524cab3b049343d0bd,18,6616a611b1d4fd89aac7dfaa,66170779e3c5d9ebeae87556,Grp18-Block3-Cute
2024-04-10 14:43:35,2024-04-10 14:44:41,0,172.58.241.179,100,65,1,2024-04-10 14:44:42,R_8rwbZMel7apKPVL,,,,,39.0005,-76.9712,anonymous,EN,,,,,0,0,19.443,0,2,4.18,4.18,9.077,1,2,2,6550dbfa9b0b1f08b9a19bdb,18,6616a611b1d4fd89aac7dfaa,661707dd17fd8b0cc7bd2db1,Grp18-Block3-Cute
2024-04-10 14:44:56,2024-04-10 14:45:16,0,75.83.170.156,100,20,1,2024-04-10 14:45:16,R_2EXUTqmSYdEtTH6,,,,,33.9776,-117.7375,anonymous,EN,0,0,8.413,0,,,,,2,2.679,2.679,3.382,1,1,1,5a94c0b7b5e2110001c6891e,18,6616a611b1d4fd89aac7dfaa,6617084b5780ea30b90a15ac,Grp18-Block2-Sad
2024-04-10 14:43:30,2024-04-10 14:45:19,0,69.150.101.215,100,109,1,2024-04-10 14:45:20,R_7YlauMA2POEG7Aa,,,,,36.0571,-86.6729,anonymous,EN,0,0,35.161,0,,,,,4,49.436,49.436,50.121,1,1,1,5ce36fd645ff250001244987,18,6616a611b1d4fd89aac7dfaa,661707e0a0cada45ab7def9d,Grp18-Block2-Sad
2024-04-10 14:45:46,2024-04-10 14:46:18,0,104.51.190.123,100,32,1,2024-04-10 14:46:19,R_7DXPBdizUs1xEyl,,,,,32.8619,-97.3427,anonymous,EN,,,,,0,0,9.868,0,2,5.25,5.25,6.669,1,1,2,5fc5e7f29b30921814e73ea1,18,6616a611b1d4fd89aac7dfaa,66170876c0b45eebb30416a6,Grp18-Block3-Cute
2024-04-10 14:46:35,2024-04-10 14:46:59,0,173.72.35.118,100,24,1,2024-04-10 14:47:00,R_3EYRtwfZwDpLQCR,,,,,39.7513,-74.9999,anonymous,EN,,,,,0,0,9.887,0,5,2.552,2.552,3.182,1,1,2,644ffe36f37a530813d052a5,18,6616a611b1d4fd89aac7dfaa,661708b1554018847580c165,Grp18-Block3-Cute
2024-04-10 14:47:49,2024-04-10 14:48:17,0,24.136.11.129,100,27,1,2024-04-10 14:48:17,R_20GUSygkqrZa1R7,,,,,42.0107,-87.6657,anonymous,EN,,,,,0,0,8.678,0,3,6.666,6.666,7.536,1,1,3,5f6136ff23e5260b6cf1f33c,18,6616a611b1d4fd89aac7dfaa,661708f9908836043011c5bb,Grp18-Block3-Cute
2024-04-10 14:47:41,2024-04-10 14:48:24,0,66.141.95.66,100,43,1,2024-04-10 14:48:25,R_3hE0rXHz0Vtvmly,,,,,38.544,-91.0155,anonymous,EN,0,0,19.134,0,,,,,4,8.148,8.148,8.96,1,1,2,6567492900b32685a1ca02ae,18,6616a611b1d4fd89aac7dfaa,661706abb5024c13df19e26f,Grp18-Block2-Sad
2024-04-10 14:48:35,2024-04-10 14:48:55,0,75.194.41.183,100,19,1,2024-04-10 14:48:56,R_5TzAZOY6Z5jTk1X,,,,,41.9025,-87.6726,anonymous,EN,0,0,3.805,0,,,,,2,4.545,4.545,5.384,1,1,1,6606f15e0998a345a03c66b3,18,6616a611b1d4fd89aac7dfaa,6617091db4c76520233e9c96,Grp18-Block2-Sad
2024-04-10 14:48:35,2024-04-10 14:49:07,0,71.91.144.186,100,31,1,2024-04-10 14:49:07,R_50gxwg01yqeDSGl,,,,,30.3944,-92.2224,anonymous,EN,,,,,3.967,5.059,12.594,2,5,3.036,3.469,4.275,2,1,1,5a95a63e4eecca0001dd4cfa,18,6616a611b1d4fd89aac7dfaa,6617091dd0db7cf2c6a2b281,Grp18-Block3-Cute
2024-04-10 14:49:44,2024-04-10 14:50:20,0,24.191.62.203,100,36,1,2024-04-10 14:50:21,R_38VtM261xu1Iz17,,,,,40.6327,-73.6333,anonymous,EN,0,0,11.649,0,,,,,4,3.692,3.692,14.461,1,1,1,5ba288c63fd80800016308c4,18,6616a611b1d4fd89aac7dfaa,66170967fc751cc3c686173d,Grp18-Block2-Sad
2024-04-10 14:51:29,2024-04-10 14:51:57,0,71.71.232.105,100,28,1,2024-04-10 14:51:58,R_3CZeMrmPBvbf2dX,,,,,36.5036,-79.758,anonymous,EN,0,0,9.051,0,,,,,1,2.988,4.666,5.348,2,1,1,5c4af67cdccaa800016b3192,18,6616a611b1d4fd89aac7dfaa,661709d417fd8b0cc7bd2e09,Grp18-Block2-Sad
2024-04-10 14:52:08,2024-04-10 14:52:48,0,67.173.13.85,100,40,1,2024-04-10 14:52:49,R_7aRiW4bOHeqbFmc,,,,,41.8783,-87.6907,anonymous,EN,0,0,15.38,0,,,,,4,6.483,6.483,7.447,1,1,1,5e34325430e5263f0bebb32d,18,6616a611b1d4fd89aac7dfaa,6617098903dc91432c54e346,Grp18-Block2-Sad
2024-04-10 14:50:55,2024-04-10 14:52:49,0,70.187.141.166,100,113,1,2024-04-10 14:52:49,R_11MpAhjHLjkJKNP,,,,,33.7671,-118.3814,anonymous,EN,,,,,12.587,18.075,21.001,3,4,52.446,52.446,55.595,1,1,1,647fe69be349b78b571ecedd,18,6616a611b1d4fd89aac7dfaa,66170995b3b96b7157af11fb,Grp18-Block3-Cute
2024-04-10 14:53:06,2024-04-10 14:53:33,0,68.96.135.96,100,26,1,2024-04-10 14:53:33,R_2vQwFlLVYsOmTxT,,,,,41.2767,-96.2434,anonymous,EN,,,,,4.784,4.784,10.955,1,3,4.069,4.069,5.311,1,1,2,660ce8118af7c468fd0f996b,18,6616a611b1d4fd89aac7dfaa,66170a2d83b77849ef861878,Grp18-Block3-Cute
2024-04-10 14:53:06,2024-04-10 14:53:44,0,174.249.84.90,100,38,1,2024-04-10 14:53:44,R_2gzGFJOky0JYt9h,,,,,39.9597,-75.1995,anonymous,EN,,,,,12.179,13.954,15.846,2,1,4.171,4.171,5.316,1,1,2,65f0ad615165f646641a838b,18,6616a611b1d4fd89aac7dfaa,66170a225f96b52eaa90d046,Grp18-Block3-Cute
2024-04-10 14:54:08,2024-04-10 14:54:32,0,73.183.150.156,100,24,1,2024-04-10 14:54:33,R_7wztIMx044Sxkaj,,,,,29.7438,-95.4422,anonymous,EN,0,0,7.095,0,,,,,4,2.742,6.557,8.352,2,2,3,611eb5db46ee495d60b16aae,18,6616a611b1d4fd89aac7dfaa,66170a71ce05fa2012c98568,Grp18-Block2-Sad
2024-04-10 14:54:45,2024-04-10 14:55:23,0,76.37.129.144,100,37,1,2024-04-10 14:55:23,R_3OxZeIZ4kN7ZzQr,,,,,44.3233,-69.7687,anonymous,EN,0,0,13.472,0,,,,,4,5.175,11.32,12.516,4,1,1,62b5dd0fb9686d325c7d1f15,18,6616a611b1d4fd89aac7dfaa,66170a98b4c76520233e9cc9,Grp18-Block2-Sad
2024-04-10 14:54:47,2024-04-10 14:55:49,0,172.77.118.202,100,62,1,2024-04-10 14:55:50,R_71iSM8WvB4M4j1d,,,,,40.578,-81.0775,anonymous,EN,,,,,24.406,24.406,38.002,1,5,3.788,3.788,6.096,1,1,2,64509bfcd8d8b7e61f801e95,18,6616a611b1d4fd89aac7dfaa,66170a8b812012bfd17b367e,Grp18-Block3-Cute
2024-04-10 14:55:57,2024-04-10 14:56:54,0,68.117.161.89,100,57,1,2024-04-10 14:56:55,R_3qsSUmNHDrp2jEx,,,,,33.395,-86.8348,anonymous,EN,,,,,23.943,23.943,26.634,1,4,6.807,6.807,8.436,1,1,1,64416693b9184dbb9b169324,18,6616a611b1d4fd89aac7dfaa,66170add3f413e74e22dcbe5,Grp18-Block3-Cute
2024-04-10 14:57:14,2024-04-10 14:57:40,0,76.188.236.153,100,26,1,2024-04-10 14:57:41,R_70aK7wV4Ikb0D2V,,,,,41.2307,-80.4539,anonymous,EN,,,,,0,0,12.01,0,4,2.368,2.368,3.411,1,1,1,55bce852fdf99b268358f83b,18,6616a611b1d4fd89aac7dfaa,66170b1f5f96b52eaa90d07e,Grp18-Block3-Cute
2024-04-10 14:57:08,2024-04-10 14:57:42,0,24.155.19.31,100,34,1,2024-04-10 14:57:43,R_7YoiXSVid1g9wpw,,,,,31.5338,-97.1923,anonymous,EN,0,0,17.323,0,,,,,1,2.954,4.642,5.41,2,1,2,60fd6fc2f8cf114799db0da0,18,6616a611b1d4fd89aac7dfaa,66170b2200dadcc6fcdce0c5,Grp18-Block2-Sad
2024-04-10 14:58:11,2024-04-10 14:58:59,0,71.56.28.82,100,48,1,2024-04-10 14:59:00,R_8cu3mGnihsrjjGc,,,,,33.8743,-84.4653,anonymous,EN,6.811,6.811,13.931,1,,,,,2,5.153,5.153,5.769,1,1,1,5f6b39536e099f23661a5412,18,6616a611b1d4fd89aac7dfaa,66170b66ea63bde1ad7f8778,Grp18-Block2-Sad
2024-04-10 14:58:32,2024-04-10 14:59:12,0,104.186.234.163,100,40,1,2024-04-10 14:59:12,R_2rx74UBanZp6nxn,,,,,36.0322,-79.8588,anonymous,EN,7.324,15.858,18.369,2,,,,,3,3.876,3.876,6.94,1,2,2,567dd32b4f0ef30006dbb718,18,6616a611b1d4fd89aac7dfaa,66170b7115ce4924c10a158c,Grp18-Block2-Sad
2024-04-10 14:59:35,2024-04-10 15:00:03,0,98.114.13.136,100,28,1,2024-04-10 15:00:04,R_5C1QFACey2dyoXd,,,,,40.0619,-74.9987,anonymous,EN,,,,,0,0,10.935,0,4,5.269,6.35,6.392,3,2,1,63eab29693a6eb7fd0174010,18,6616a611b1d4fd89aac7dfaa,66170ba8453929b4ed4299f3,Grp18-Block3-Cute
2024-04-10 14:59:38,2024-04-10 15:00:12,0,70.127.198.83,100,34,1,2024-04-10 15:00:13,R_22lBrHcNMIJBKMP,,,,,27.7363,-82.6654,anonymous,EN,,,,,0,0,14.801,0,1,3.317,4.042,4.872,2,1,2,5c5dbd7f1a789f00011a5c94,18,6616a611b1d4fd89aac7dfaa,66170bb1a615a367b1f1fc67,Grp18-Block3-Cute
2024-04-10 14:59:37,2024-04-10 15:02:15,0,174.211.179.10,100,157,1,2024-04-10 15:02:16,R_51NJgxtavMMT8je,,,,,28.6344,-81.6221,anonymous,EN,31.088,31.088,51.438,1,,,,,2,8.291,8.291,11.269,1,1,1,65aeb129d763cadbe813d851,18,6616a611b1d4fd89aac7dfaa,66170b5af6730256e1c24312,Grp18-Block2-Sad
2024-04-10 15:02:22,2024-04-10 15:02:51,0,73.169.43.221,100,28,1,2024-04-10 15:02:51,R_61b2ZCEjAaisls2,,,,,39.6796,-104.9626,anonymous,EN,0,0,9.167,0,,,,,4,1.548,1.548,4.345,1,1,1,5f207a2b82631213fd1f0dd3,18,6616a611b1d4fd89aac7dfaa,66170c557d5c6cd385ac807f,Grp18-Block2-Sad
2024-04-10 15:01:55,2024-04-10 15:02:52,0,136.36.76.63,100,57,1,2024-04-10 15:02:52,R_5EGIfDTCTPdJu0J,,,,,40.6596,-111.9195,anonymous,EN,,,,,1.342,11.986,12.848,2,5,3.935,6.15,6.75,3,1,2,65cb6fdef6b7814e59bcc470,18,6616a611b1d4fd89aac7dfaa,66170c2ebe750e43a60ae629,Grp18-Block3-Cute
2024-04-10 15:03:22,2024-04-10 15:03:47,0,174.247.178.204,100,24,1,2024-04-10 15:03:47,R_7FLr9JkvdPanTji,,,,,45.5894,-122.7401,anonymous,EN,0,0,9.436,0,,,,,1,3.189,5.304,5.896,3,1,1,5f36ed47a8388f148ca37c00,18,6616a611b1d4fd89aac7dfaa,66170c98cd9d7f849d41e2c5,Grp18-Block2-Sad
2024-04-10 15:03:18,2024-04-10 15:03:51,0,108.83.81.2,100,33,1,2024-04-10 15:03:52,R_21ZzvpmztWCjaYP,,,,,25.8959,-80.309,anonymous,EN,,,,,0,0,15.912,0,4,3.048,4.086,5.06,2,1,1,5c56964991c0ad0001cfa5ae,18,6616a611b1d4fd89aac7dfaa,66170c9853398aa1d20c8d76,Grp18-Block3-Cute
2024-04-10 15:04:35,2024-04-10 15:05:23,0,172.56.193.217,100,48,1,2024-04-10 15:05:24,R_2CTegjQWJlvO6mG,,,,,42.2743,-71.0972,anonymous,EN,,,,,0,0,15.759,0,2,6.905,9.052,10.182,2,1,2,5dbc99af4295e623e345b550,18,6616a611b1d4fd89aac7dfaa,66170cc3d329e86adad0542b,Grp18-Block3-Cute
2024-04-10 15:05:32,2024-04-10 15:06:08,0,174.59.32.234,100,36,1,2024-04-10 15:06:09,R_5zcn3c4nQTWxNnW,,,,,39.8307,-77.2177,anonymous,EN,15.976,15.976,16.546,1,,,,,5,2.731,4.639,5.279,3,1,1,63bc819194ca25a555eb8fb5,18,6616a611b1d4fd89aac7dfaa,66170d18488493cce8e91ef8,Grp18-Block2-Sad
2024-04-10 15:05:39,2024-04-10 15:06:13,0,70.120.5.160,100,34,1,2024-04-10 15:06:14,R_3CICmzOlTdLEqNh,,,,,29.5882,-98.5183,anonymous,EN,10.64,10.64,12.86,1,,,,,5,3.644,3.644,6.019,1,1,1,5e3581ed0082f15283413024,18,6616a611b1d4fd89aac7dfaa,66170d2894235898523f04f6,Grp18-Block2-Sad
2024-04-10 15:05:41,2024-04-10 15:07:15,0,73.161.44.115,100,94,1,2024-04-10 15:07:15,R_2Ks8NDpFji0bo2H,,,,,42.3204,-84.0351,anonymous,EN,,,,,7.632,22.814,24.632,3,5,2.85,3.768,5.131,2,1,1,630a8feaa8eef385f72dc1a5,18,6616a611b1d4fd89aac7dfaa,66170cab043a494609186d77,Grp18-Block3-Cute
2024-04-10 15:06:59,2024-04-10 15:07:26,0,130.44.143.14,100,26,1,2024-04-10 15:07:27,R_1plqBE7QhQchtrA,,,,,42.3797,-71.1034,anonymous,EN,0,0,12.553,0,,,,,1,2.498,2.498,3.234,1,3,1,5c3a865019ceb400010c914a,18,6616a611b1d4fd89aac7dfaa,66170d74c129202aa003d4fd,Grp18-Block2-Sad
2024-04-10 15:07:59,2024-04-10 15:08:40,0,172.56.84.190,100,41,1,2024-04-10 15:08:41,R_2jIm8N55n4b4VJ9,,,,,33.5613,-112.1442,anonymous,EN,,,,,0,0,15.749,0,5,2.47,2.914,3.546,2,1,1,6548f960db60a00d76e92695,18,6616a611b1d4fd89aac7dfaa,66170dac51868dde036e828c,Grp18-Block3-Cute
2024-04-10 15:08:26,2024-04-10 15:09:06,0,174.198.205.62,100,40,1,2024-04-10 15:09:07,R_1UaWOGPbwgp0DfP,,,,,39.8587,-75.0436,anonymous,EN,,,,,9.469,9.469,9.488,1,3,2.796,8.562,9.129,4,1,3,6601b0afca8838232090d024,18,6616a611b1d4fd89aac7dfaa,66170dbdfc751cc3c68617db,Grp18-Block3-Cute
2024-04-10 15:09:48,2024-04-10 15:10:14,0,108.16.60.237,100,26,1,2024-04-10 15:10:14,R_5K2yLK6ciRzdksF,,,,,40.0022,-75.3008,anonymous,EN,0,0,7.106,0,,,,,1,3.35,3.35,5.109,1,2,1,6407946a4bb4212372843398,18,6616a611b1d4fd89aac7dfaa,66170e22043a494609186d93,Grp18-Block2-Sad
2024-04-10 15:10:48,2024-04-10 15:11:21,0,76.133.18.246,100,33,1,2024-04-10 15:11:22,R_5PdjOpWhMNwKXS1,,,,,37.8107,-122.2479,anonymous,EN,0,0,21.132,0,,,,,3,4.4,4.4,5.118,1,3,1,5c659f0babaa5c0001d0e866,18,6616a611b1d4fd89aac7dfaa,66170e5a86d815be2ac7556c,Grp18-Block2-Sad
2024-04-10 15:10:34,2024-04-10 15:12:15,0,24.192.68.152,100,100,1,2024-04-10 15:12:15,R_33s5B1i4Z39XmAf,,,,,42.6493,-84.6507,anonymous,EN,,,,,23.519,23.519,24.549,1,4,1.07,1.419,2.33,2,1,1,651b3a6071046eb7c9932449,18,6616a611b1d4fd89aac7dfaa,66170d28cda8d2c393ba71e4,Grp18-Block3-Cute
2024-04-10 15:12:14,2024-04-10 15:12:36,0,76.248.93.133,100,22,1,2024-04-10 15:12:37,R_1sam53D8kHUiZXH,,,,,41.3847,-81.7982,anonymous,EN,,,,,0,0,7.404,0,3,2.846,2.846,3.925,1,1,2,59ba4ce13849cf0001937915,18,6616a611b1d4fd89aac7dfaa,66170eb05f96b52eaa90d0f9,Grp18-Block3-Cute
2024-04-10 15:12:58,2024-04-10 15:13:39,0,68.132.210.65,100,41,1,2024-04-10 15:13:40,R_2s0iwR0MOaPssMn,,,,,40.9163,-73.7898,anonymous,EN,15.753,20.447,22.136,2,,,,,2,1.851,1.851,3.902,1,1,1,5e84f020507cd30b367b2624,18,6616a611b1d4fd89aac7dfaa,66170ed0930682ea90c8eff4,Grp18-Block2-Sad
2024-04-10 15:13:06,2024-04-10 15:13:45,0,173.92.244.198,100,39,1,2024-04-10 15:13:45,R_1f45V8HdeaHhz1T,,,,,35.2107,-80.9719,anonymous,EN,,,,,15.83,15.83,16.361,1,4,1.031,1.031,1.674,1,1,2,651daf9e41787d15f3dee105,18,6616a611b1d4fd89aac7dfaa,66170ea2266a468cd492e464,Grp18-Block3-Cute
2024-04-10 15:15:39,2024-04-10 15:16:21,0,68.131.71.217,100,42,1,2024-04-10 15:16:22,R_5hX3E1pn19n3KiL,,,,,36.8375,-76.0976,anonymous,EN,0,0,19.927,0,,,,,4,3.801,3.801,5.208,1,1,1,5f0e0727cf7d770a4c7330a7,18,6616a611b1d4fd89aac7dfaa,66170f5432eb411fec429aee,Grp18-Block2-Sad
2024-04-10 15:16:04,2024-04-10 15:16:53,0,75.137.3.254,100,49,1,2024-04-10 15:16:54,R_1daZ0IynXouI8Bz,,,,,34.0014,-84.0144,anonymous,EN,21.86,21.86,24.363,1,,,,,4,6.495,6.495,7.48,1,1,2,6562565a6752019f98cf5c76,18,6616a611b1d4fd89aac7dfaa,66170f88f26b81401eae85f5,Grp18-Block2-Sad
2024-04-10 15:16:52,2024-04-10 15:17:09,0,108.94.145.194,100,17,1,2024-04-10 15:17:10,R_33jREarJDEw9ipP,,,,,30.0318,-89.9712,anonymous,EN,,,,,0,0,3.754,0,4,1.963,1.963,2.837,1,2,1,5d4a41890e604c00011ade8b,18,6616a611b1d4fd89aac7dfaa,66170fc634740ec59d14125f,Grp18-Block3-Cute
2024-04-10 15:17:26,2024-04-10 15:17:59,0,73.132.18.12,100,33,1,2024-04-10 15:17:59,R_2bOAjaZ8Uz1b3bB,,,,,39.0851,-77.059,anonymous,EN,,,,,0,0,10.247,0,4,3.707,3.956,4.972,2,1,1,5c3c1617f5ebd500018596cb,18,6616a611b1d4fd89aac7dfaa,66170fe4e5e593b2b35733d7,Grp18-Block3-Cute
2024-04-10 15:19:02,2024-04-10 15:19:22,0,174.228.169.145,100,19,1,2024-04-10 15:19:22,R_2PiyTVthwncdlnr,,,,,28.53,-81.4807,anonymous,EN,0,0,7.975,0,,,,,2,2.401,2.401,3.149,1,2,1,604fe822b095421e07e3f93e,18,6616a611b1d4fd89aac7dfaa,6617104b052026667ea744b6,Grp18-Block2-Sad
2024-04-10 15:19:35,2024-04-10 15:20:17,0,70.191.106.88,100,42,1,2024-04-10 15:20:17,R_3YlYpHYGu2njWLr,,,,,35.9928,-95.8152,anonymous,EN,,,,,0,0,20.128,0,4,3.383,3.383,6.572,1,1,1,647c65c5acb91c89819c7970,18,6616a611b1d4fd89aac7dfaa,661710539ead170d4aea38ae,Grp18-Block3-Cute
2024-04-10 15:20:35,2024-04-10 15:21:09,0,73.254.100.224,100,33,1,2024-04-10 15:21:10,R_41WYKTLnEUnJusW,,,,,47.8589,-121.7369,anonymous,EN,0,0,14.227,0,,,,,4,5.374,5.374,6.275,1,1,2,60fc8bc57668b8e4a2d886d3,18,6616a611b1d4fd89aac7dfaa,66171096c40c5dc838b7fffb,Grp18-Block2-Sad
2024-04-10 15:20:36,2024-04-10 15:21:21,0,108.72.229.252,100,45,1,2024-04-10 15:21:22,R_7DOos2zYKSQOqFz,,,,,33.1063,-86.7583,anonymous,EN,6.183,6.183,11.942,1,,,,,1,14.986,14.986,16.469,1,3,2,65c631b7035de5d5421633d2,18,6616a611b1d4fd89aac7dfaa,6617109b76bdbadd4b58684b,Grp18-Block2-Sad
2024-04-10 15:21:15,2024-04-10 15:21:55,0,73.19.94.38,100,39,1,2024-04-10 15:21:55,R_3YXkNP33Q3RRWs9,,,,,47.0213,-122.7774,anonymous,EN,,,,,0,0,20.723,0,3,2.744,2.744,3.586,1,2,1,6605c7c89ba2e71bdfa91861,18,6616a611b1d4fd89aac7dfaa,661710bbd9ba2e3cc666daa5,Grp18-Block3-Cute
2024-04-10 15:22:03,2024-04-10 15:23:03,0,76.36.59.6,100,60,1,2024-04-10 15:23:03,R_2zgHXp5XstHHL6p,,,,,35.1341,-80.9221,anonymous,EN,,,,,0,0,11.106,0,5,3.324,3.324,4.408,1,1,2,63a3375101319bb7cb39f654,18,6616a611b1d4fd89aac7dfaa,661710e99d67a985ac81dd1e,Grp18-Block3-Cute
2024-04-10 15:23:19,2024-04-10 15:23:48,0,172.59.217.63,100,28,1,2024-04-10 15:23:48,R_3Qoft9blwpbHY6M,,,,,35.2296,-80.843,anonymous,EN,0.848,11.658,12.216,11,,,,,3,1.286,4.897,5.201,6,1,2,63b6c18f4f13282703357493,18,6616a611b1d4fd89aac7dfaa,6617114c5f96b52eaa90d1a8,Grp18-Block2-Sad
2024-04-10 15:24:31,2024-04-10 15:25:10,0,66.31.33.100,100,39,1,2024-04-10 15:25:11,R_7cRjw7ZAxpmR6vf,,,,,42.1033,-71.1772,anonymous,EN,0,0,7.613,0,,,,,3,2.931,2.931,4.151,1,1,1,65366fac14a02ad857b2b94e,18,6616a611b1d4fd89aac7dfaa,66171183e40f85b94a2fc120,Grp18-Block2-Sad
2024-04-10 15:24:51,2024-04-10 15:25:25,0,174.235.49.14,100,34,1,2024-04-10 15:25:26,R_5eAGNcDYtmTk1tD,,,,,35.2296,-80.843,anonymous,EN,,,,,0,0,13.404,0,2,4.118,4.118,5.294,1,2,2,65d863e56337aa59292ccd66,18,6616a611b1d4fd89aac7dfaa,66171169b8b99ab194afd6e7,Grp18-Block3-Cute
2024-04-10 15:26:13,2024-04-10 15:26:35,0,69.132.184.15,100,21,1,2024-04-10 15:26:35,R_2eY6FY0nyZ0Oe6H,,,,,35.1947,-80.744,anonymous,EN,5.484,5.484,7.217,1,,,,,2,2.76,2.76,3.853,1,3,2,5c1061cc7f73e20001186615,18,6616a611b1d4fd89aac7dfaa,661711f49ead170d4aea38e9,Grp18-Block2-Sad
2024-04-10 15:26:15,2024-04-10 15:26:45,0,70.15.80.18,100,29,1,2024-04-10 15:26:46,R_7CPLA8nyygLaQdd,,,,,41.1404,-75.9364,anonymous,EN,,,,,9.185,9.185,11.506,1,4,2.874,2.874,4.307,1,1,1,612962f44f151ddfd0298c52,18,6616a611b1d4fd89aac7dfaa,661711ebf6730256e1c2441d,Grp18-Block3-Cute
2024-04-10 15:26:15,2024-04-10 15:27:26,0,71.43.232.242,100,71,1,2024-04-10 15:27:26,R_25T2IAKIPExu6In,,,,,28.1404,-80.6514,anonymous,EN,0,0,9.779,0,,,,,2,12.809,12.809,15.235,1,1,2,5ea768015e4ac615300743fc,18,6616a611b1d4fd89aac7dfaa,66171196f643aa703f4d04b6,Grp18-Block2-Sad
2024-04-10 15:28:20,2024-04-10 15:29:01,0,172.58.121.104,100,40,1,2024-04-10 15:29:01,R_8ScumnE2Td8MP2p,,,,,42.4261,-83.2514,anonymous,EN,,,,,6.051,12.085,13.364,2,2,5.615,6.414,6.435,2,1,2,661151ff8c5fd442ef11a4de,18,6616a611b1d4fd89aac7dfaa,6617125a71a82418f9bc85c7,Grp18-Block3-Cute
2024-04-10 15:28:49,2024-04-10 15:29:28,0,70.175.93.13,100,38,1,2024-04-10 15:29:28,R_3otXi11fN8fhneG,,,,,33.491,-112.2491,anonymous,EN,0,0,11.2,0,,,,,2,4.636,4.636,5.977,1,1,1,5a6f1ccade1f390001dbd8b7,18,6616a611b1d4fd89aac7dfaa,661712863f413e74e22dcd5e,Grp18-Block2-Sad
2024-04-10 15:29:38,2024-04-10 15:30:07,0,24.3.119.76,100,29,1,2024-04-10 15:30:08,R_2g8XWH5JiwvohkR,,,,,40.3775,-79.9613,anonymous,EN,,,,,0,0,10.333,0,1,3.358,4.033,4.921,2,2,1,63d996f37c5b1b3053f8251c,18,6616a611b1d4fd89aac7dfaa,661712c31824cc47fe7b122e,Grp18-Block3-Cute
2024-04-10 15:30:53,2024-04-10 15:31:36,0,99.74.247.213,100,42,1,2024-04-10 15:31:36,R_738XOtJIEmsajIQ,,,,,34.1657,-118.3409,anonymous,EN,0,0,16.883,0,,,,,2,4.104,7.057,8.219,2,2,2,660c3cc3f7f65311c075d222,18,6616a611b1d4fd89aac7dfaa,661712fb01681e4bb7a30616,Grp18-Block2-Sad
2024-04-10 15:30:55,2024-04-10 15:32:42,0,172.59.137.165,100,107,1,2024-04-10 15:32:43,R_71DMnWBKDfBJ0jv,,,,,40.4236,-79.9825,anonymous,EN,3.274,21.482,24.822,3,,,,,3,2.306,8.125,9.672,6,1,1,5df89cab69a117620a70f1ee,18,6616a611b1d4fd89aac7dfaa,661712fa23056ded9be91fbc,Grp18-Block2-Sad
2024-04-10 15:29:40,2024-04-10 15:32:47,0,73.208.160.165,100,187,1,2024-04-10 15:32:48,R_7eIsokxhBLrZEFe,,,,,41.5548,-87.6593,anonymous,EN,,,,,0,0,9.338,0,2,162.362,164.025,164.957,2,2,2,65c1287985e524df48a330b8,18,6616a611b1d4fd89aac7dfaa,6617127d617c09f9f245faa0,Grp18-Block3-Cute
2024-04-10 15:32:42,2024-04-10 15:33:03,0,69.53.12.100,100,21,1,2024-04-10 15:33:03,R_7YyA409NLU28XLj,,,,,43.6842,-70.2816,anonymous,EN,,,,,5.641,5.641,7.147,1,2,2.831,2.831,3.711,1,1,1,628277d1d5efc2ba7e3f96ed,18,6616a611b1d4fd89aac7dfaa,66171370c4782334679d7f87,Grp18-Block3-Cute
2024-04-10 15:32:42,2024-04-10 15:33:05,0,73.234.37.124,100,23,1,2024-04-10 15:33:05,R_7P4ZTn8muWAd89r,,,,,42.3399,-71.1245,anonymous,EN,,,,,0,0,8.16,0,3,2.772,2.772,3.594,1,1,2,65cbb51d4c404b33e3c65ee3,18,6616a611b1d4fd89aac7dfaa,6617137d6d19956b6d491f16,Grp18-Block3-Cute
2024-04-10 15:34:28,2024-04-10 15:34:50,0,47.26.229.251,100,21,1,2024-04-10 15:34:50,R_1tL4jdioRfqzABj,,,,,41.8056,-85.4262,anonymous,EN,5.88,5.88,6.9,1,,,,,1,1.883,1.883,2.879,1,2,1,5865bdf7a3462300010673e3,18,6616a611b1d4fd89aac7dfaa,661713e77a847632c50ae8f0,Grp18-Block2-Sad
2024-04-10 15:35:11,2024-04-10 15:35:45,0,70.170.31.251,100,33,1,2024-04-10 15:35:45,R_5FcBh9MguU6WP6N,,,,,36.0383,-115.1446,anonymous,EN,,,,,0,0,13.59,0,1,3.738,3.738,4.498,1,2,2,60fe3f623a905f955c654cb5,18,6616a611b1d4fd89aac7dfaa,661714089011184cd7dbde33,Grp18-Block3-Cute
2024-04-10 15:36:56,2024-04-10 15:37:20,0,174.16.129.89,100,24,1,2024-04-10 15:37:20,R_35FLDQxPf8Ool71,,,,,39.7501,-104.9957,anonymous,EN,0,0,9.453,0,,,,,1,3.725,3.725,4.585,1,2,1,660a0b399c239637a980035b,18,6616a611b1d4fd89aac7dfaa,6617147700dadcc6fcdce229,Grp18-Block2-Sad
2024-04-10 15:36:59,2024-04-10 15:37:53,0,73.190.249.16,100,53,1,2024-04-10 15:37:53,R_50I5EV677AOPI3T,,,,,33.5218,-82.0841,anonymous,EN,,,,,0,0,12.57,0,4,12.47,12.47,13.433,1,1,1,63d6dfc970a407ead0b0d3a1,18,6616a611b1d4fd89aac7dfaa,66171421f15d6ac34ca9c1e4,Grp18-Block3-Cute
2024-04-10 15:38:29,2024-04-10 15:38:57,0,174.219.59.30,100,28,1,2024-04-10 15:38:58,R_5q2tDebzI6m1uj9,,,,,39.9843,-75.2266,anonymous,EN,0,0,9.96,0,,,,,4,2.217,4.203,4.8,4,1,1,6600e6fb008f248f85d18742,18,6616a611b1d4fd89aac7dfaa,661714cf714151fe4cae878d,Grp18-Block2-Sad
2024-04-10 15:39:49,2024-04-10 15:40:08,0,157.131.221.56,100,18,1,2024-04-10 15:40:08,R_5qvBmt5eAfr8fqz,,,,,37.7595,-122.4367,anonymous,EN,,,,,4.378,4.378,5.175,1,2,3.663,3.663,4.241,1,2,1,5dae16d241fbb6001160ce72,18,6616a611b1d4fd89aac7dfaa,6617152ba0cada45ab7df217,Grp18-Block3-Cute
2024-04-10 15:39:48,2024-04-10 15:41:07,0,69.4.48.20,100,79,1,2024-04-10 15:41:08,R_72YfIpBtczkvz3y,,,,,29.9638,-98.9062,anonymous,EN,0,0,52.326,0,,,,,4,2.992,2.992,6.17,1,1,1,5bb5473f9e00ca0001893a4c,18,6616a611b1d4fd89aac7dfaa,6617151f092b3229c93713db,Grp18-Block2-Sad
2024-04-10 15:41:04,2024-04-10 15:41:49,0,32.220.139.182,100,45,1,2024-04-10 15:41:49,R_2pofsZ05BX81DgW,,,,,41.3296,-72.9678,anonymous,EN,,,,,0,0,11.087,0,4,5.028,6.064,7.237,2,1,1,65f352c438fd076a3852e5c7,18,6616a611b1d4fd89aac7dfaa,66171570a03e1b5c297b132d,Grp18-Block3-Cute
2024-04-10 15:41:51,2024-04-10 15:42:15,0,172.56.196.102,100,23,1,2024-04-10 15:42:15,R_7ukqQYdNJEVrh3b,,,,,42.3388,-71.0726,anonymous,EN,0,0,9.031,0,,,,,1,3.326,3.326,3.85,1,3,1,629e241d171ec6698e05f149,18,6616a611b1d4fd89aac7dfaa,6617159e42c7a1e3256af85c,Grp18-Block2-Sad
2024-04-10 15:43:33,2024-04-10 15:44:01,0,73.53.153.35,100,27,1,2024-04-10 15:44:01,R_1ezCgXQu2H4DDnM,,,,,30.2441,-81.6155,anonymous,EN,,,,,0.849,7.416,8.321,3,4,4.757,4.757,6.484,1,1,2,6387984be099d077b7cd8508,18,6616a611b1d4fd89aac7dfaa,6617160071a82418f9bc868b,Grp18-Block3-Cute
2024-04-10 15:44:00,2024-04-10 15:45:17,0,172.59.186.91,100,76,1,2024-04-10 15:45:17,R_2P5CD4G7KLmcGrL,,,,,41.85,-87.7165,anonymous,EN,0,0,8.642,0,,,,,3,1.913,2.629,3.001,2,1,1,5e96d0eefea475161115aba9,18,6616a611b1d4fd89aac7dfaa,6617161027af7b6595bd2fb1,Grp18-Block2-Sad
2024-04-10 15:45:34,2024-04-10 15:46:52,0,45.49.145.134,100,78,1,2024-04-10 15:46:52,R_3FyP5MXapiuE3Jt,,,,,33.9242,-116.8854,anonymous,EN,0,0,25.301,0,,,,,4,4.323,5.563,6.385,2,1,1,65eb509a46acd454e8d844c3,18,6616a611b1d4fd89aac7dfaa,66171649a26801f36df1fdff,Grp18-Block2-Sad
2024-04-10 15:46:30,2024-04-10 15:46:59,0,68.225.150.94,100,29,1,2024-04-10 15:47:00,R_2DoNAoJjF2SjUhD,,,,,33.3124,-111.9195,anonymous,EN,,,,,0,0,10.387,0,2,5.263,5.263,6.091,1,1,2,614e7b3a166756f594091945,18,6616a611b1d4fd89aac7dfaa,6617169ca615a367b1f1fea4,Grp18-Block3-Cute
2024-04-10 15:47:33,2024-04-10 15:48:06,0,67.231.200.144,100,33,1,2024-04-10 15:48:07,R_2CGfdGCStLNyXxT,,,,,28.4986,-81.5353,anonymous,EN,10.643,10.643,14.956,1,,,,,3,3.04,3.04,9.168,1,1,2,65c5b11d27f6d23549a1ba63,18,6616a611b1d4fd89aac7dfaa,661716f2a0cada45ab7df273,Grp18-Block2-Sad
2024-04-10 15:48:35,2024-04-10 15:49:10,0,70.92.109.163,100,34,1,2024-04-10 15:49:10,R_5fKaEShuVun8UFw,,,,,42.0753,-80.0671,anonymous,EN,,,,,2.565,12.494,13.943,2,2,3.42,3.42,5.07,1,1,1,5e79448b2645050ebe52051c,18,6616a611b1d4fd89aac7dfaa,6617172b34740ec59d1413d5,Grp18-Block3-Cute
2024-04-10 15:48:56,2024-04-10 15:50:33,0,160.19.5.106,100,97,1,2024-04-10 15:50:34,R_33Yrp5HIEPYT7vX,,,,,36.9886,-76.4143,anonymous,EN,,,,,2.078,45.041,48.303,5,4,7.287,7.287,8.9,1,2,2,617078fb6641a57cb762a401,18,6616a611b1d4fd89aac7dfaa,6617170caeef1c6c1fe431ad,Grp18-Block3-Cute
2024-04-10 15:51:09,2024-04-10 15:51:41,0,108.74.26.156,100,32,1,2024-04-10 15:51:41,R_2VpHKpFMRWXeWm5,,,,,26.2729,-80.26,anonymous,EN,0,0,7.158,0,,,,,3,14.783,14.783,15.548,1,1,2,611994820071da2beee434ea,18,6616a611b1d4fd89aac7dfaa,661717d071a82418f9bc86f6,Grp18-Block2-Sad
2024-04-10 15:52:44,2024-04-10 15:53:08,0,69.112.140.78,100,23,1,2024-04-10 15:53:08,R_2ncatIyzn5Qjbxf,,,,,41.1729,-74.3791,anonymous,EN,,,,,0,0,8.674,0,4,5.408,5.408,6.09,1,1,1,55b688fafdf99b26e287abd3,18,6616a611b1d4fd89aac7dfaa,661717b0a615a367b1f1fee1,Grp18-Block3-Cute
2024-04-10 15:48:59,2024-04-10 15:53:58,0,197.210.78.227,100,299,1,2024-04-10 15:53:58,R_1EVOkUbd4ISk4ff,,,,,10,8,anonymous,EN,0,0,19.601,0,,,,,3,4.704,4.704,9.317,1,2,1,6475d02dd3c77e5a73e63ad7,18,6616a611b1d4fd89aac7dfaa,661716a627af7b6595bd2fcf,Grp18-Block2-Sad
2024-04-10 15:53:53,2024-04-10 15:54:07,0,107.209.122.252,100,13,1,2024-04-10 15:54:07,R_5oQKCilauSvLdgW,,,,,34.4125,-79.3805,anonymous,EN,,,,,1.262,1.262,3.043,1,5,1.263,1.8,2.425,2,1,1,5eb693937a030e5923b44068,18,6616a611b1d4fd89aac7dfaa,661717c634740ec59d1413f9,Grp18-Block3-Cute
2024-04-10 15:54:33,2024-04-10 15:55:13,0,47.147.49.190,100,39,1,2024-04-10 15:55:13,R_11EORIvZaRMV50I,,,,,33.9098,-118.0714,anonymous,EN,0,0,18.253,0,,,,,5,7.301,7.301,7.941,1,1,2,65738d2870f7f2005000c6b8,18,6616a611b1d4fd89aac7dfaa,66171892869990cc40ff02ee,Grp18-Block2-Sad
2024-04-10 15:54:32,2024-04-10 15:55:52,0,192.34.130.7,100,80,1,2024-04-10 15:55:53,R_1BSrghr2ehxa8Hd,,,,,35.9019,-82.2797,anonymous,EN,,,,,0,0,39.541,0,5,10.72,10.72,12.759,1,1,1,590b7ba44a1dff00014bbe90,18,6616a611b1d4fd89aac7dfaa,661718865fb7f510a67156c1,Grp18-Block3-Cute
2024-04-10 15:56:32,2024-04-10 15:57:11,0,174.212.102.250,100,38,1,2024-04-10 15:57:11,R_1QTDbIPXfkN7suR,,,,,35.9306,-86.8788,anonymous,EN,0,0,8.835,0,,,,,4,4.391,5.443,6.5,3,1,2,61082e086188b2dd15182697,18,6616a611b1d4fd89aac7dfaa,66171903a9357cb40f186f3b,Grp18-Block2-Sad
2024-04-10 15:57:33,2024-04-10 15:58:05,0,40.142.223.227,100,32,1,2024-04-10 15:58:06,R_7lejYU79m1miWRj,,,,,40.6417,-79.3191,anonymous,EN,8.956,8.956,12.349,1,,,,,5,3.445,3.445,4.365,1,1,2,5dd1df8fb48da3240ca85c45,18,6616a611b1d4fd89aac7dfaa,6617194e36fc70d7da6da9fc,Grp18-Block2-Sad
2024-04-10 15:58:38,2024-04-10 15:58:58,0,67.60.55.146,100,20,1,2024-04-10 15:58:58,R_7c1b3HeFLFrX5yV,,,,,30.4404,-88.7801,anonymous,EN,,,,,0,0,9.713,0,2,1.961,1.961,2.925,1,1,2,63e5ad28519da14e2eaacaa0,18,6616a611b1d4fd89aac7dfaa,6617198df3fb13ac77d66e22,Grp18-Block3-Cute
2024-04-10 15:58:36,2024-04-10 15:59:30,0,24.99.34.45,100,54,1,2024-04-10 15:59:31,R_1kaZgZvynh2w52N,,,,,33.584,-84.2751,anonymous,EN,,,,,18.788,20.266,23.688,2,4,5.469,5.469,6.86,1,1,2,647df8490516c702020f7d0f,18,6616a611b1d4fd89aac7dfaa,66171780617c09f9f245fba1,Grp18-Block3-Cute
2024-04-10 16:00:50,2024-04-10 16:01:27,0,24.211.224.16,100,37,1,2024-04-10 16:01:27,R_6HonMduhhxrBj8t,,,,,35.9151,-79.0972,anonymous,EN,0,0,10.699,0,,,,,3,4.898,4.898,5.976,1,2,2,6014213c77aab7396ca3e5a7,18,6616a611b1d4fd89aac7dfaa,66171a0c86d815be2ac757c2,Grp18-Block2-Sad
2024-04-10 16:02:50,2024-04-10 16:03:08,0,73.68.240.22,100,17,1,2024-04-10 16:03:08,R_5i5aYSiEDlk5nwJ,,,,,42.6535,-71.6919,anonymous,EN,,,,,0,0,5.571,0,1,1.107,1.107,2.326,1,2,1,614fbb4467c4c74f573a94d3,18,6616a611b1d4fd89aac7dfaa,66171a8da479ca3501c8f3b2,Grp18-Block3-Cute
2024-04-10 16:02:46,2024-04-10 16:03:18,0,73.17.139.202,100,32,1,2024-04-10 16:03:19,R_5z7nht1KWVzdK7c,,,,,42.3251,-72.6276,anonymous,EN,0,0,14.268,0,,,,,2,6.769,6.769,7.811,1,1,2,5ca5181bcaf0100001c13705,18,6616a611b1d4fd89aac7dfaa,66171a8623056ded9be92160,Grp18-Block2-Sad
2024-04-10 16:00:21,2024-04-10 16:03:19,0,147.92.108.99,100,178,1,2024-04-10 16:03:20,R_5C4t7SXqJutlI6c,,,,,42.9656,-85.65,anonymous,EN,,,,,0,0,63.075,0,2,6.67,7.825,8.97,2,2,2,5af1c437bfb51a000181d170,18,6616a611b1d4fd89aac7dfaa,661719e9ea63bde1ad7f8a5d,Grp18-Block3-Cute
2024-04-10 16:04:05,2024-04-10 16:04:58,0,97.101.48.34,100,53,1,2024-04-10 16:04:59,R_3LXXTqvXcK8xGUT,,,,,28.5727,-80.8206,anonymous,EN,13.416,13.416,15.719,1,,,,,2,9.068,9.068,10.247,1,2,2,651ad6fdb3f4e34ceffd3c91,18,6616a611b1d4fd89aac7dfaa,66171acfa9357cb40f186f83,Grp18-Block2-Sad
2024-04-10 16:06:07,2024-04-10 16:06:27,0,98.0.32.88,100,20,1,2024-04-10 16:06:28,R_2qs3H6BDcirNQSF,,,,,43.6327,-70.2735,anonymous,EN,,,,,0,0,6.643,0,4,1.627,1.627,4.079,1,1,2,6044dfc230e44b5793804ba6,18,6616a611b1d4fd89aac7dfaa,66171b4f6981c55218d66e74,Grp18-Block3-Cute
2024-04-10 16:05:27,2024-04-10 16:06:37,0,73.220.2.219,100,69,1,2024-04-10 16:06:37,R_7e9xxC5dLO4qPon,,,,,36.842,-119.6578,anonymous,EN,0,0,12.879,0,,,,,4,3.172,3.172,7.413,1,1,1,650b2ee81386e0c27f7efe26,18,6616a611b1d4fd89aac7dfaa,66171b2a9d67a985ac81dedc,Grp18-Block2-Sad
2024-04-10 16:07:01,2024-04-10 16:07:44,0,35.145.142.150,100,42,1,2024-04-10 16:07:44,R_5m3880s5Gyq470B,,,,,27.7728,-82.6379,anonymous,EN,0,0,11.079,0,,,,,4,7.916,9.094,13.985,2,1,2,65c397ff171d0e633fcfc758,18,6616a611b1d4fd89aac7dfaa,66171b824c22ae760bdbfe09,Grp18-Block2-Sad
2024-04-10 16:07:45,2024-04-10 16:08:14,0,173.220.29.154,100,29,1,2024-04-10 16:08:15,R_3lFB3jkTzv1WKqZ,,,,,40.5948,-73.9715,anonymous,EN,,,,,0,0,11.157,0,2,6.546,6.546,7.899,1,3,1,5d46daa91274770001916403,18,6616a611b1d4fd89aac7dfaa,66171b84f217cf2d95a74738,Grp18-Block3-Cute
2024-04-10 16:09:06,2024-04-10 16:09:54,0,99.92.66.47,100,47,1,2024-04-10 16:09:54,R_3MWG9SViGUtEhLX,,,,,31.8378,-106.538,anonymous,EN,,,,,8.538,16.638,21.439,7,5,3.772,3.772,7.749,1,1,1,6603b46a383bf3241f7ae2c2,18,6616a611b1d4fd89aac7dfaa,66171be8869990cc40ff0387,Grp18-Block3-Cute
2024-04-10 16:11:39,2024-04-10 16:12:01,0,76.189.232.121,100,21,1,2024-04-10 16:12:01,R_7M0e4qnPwXC4Iaq,,,,,40.4836,-81.4387,anonymous,EN,0,0,8.001,0,,,,,5,2.467,2.701,3.383,2,1,2,598728a8d3103300010a32f5,18,6616a611b1d4fd89aac7dfaa,66171c9e930682ea90c8f2b5,Grp18-Block2-Sad
2024-04-10 16:12:43,2024-04-10 16:13:22,0,24.254.9.183,100,38,1,2024-04-10 16:13:22,R_7prOv2l3kcHneaQ,,,,,37.3441,-79.8974,anonymous,EN,15.225,15.225,16.932,1,,,,,5,4.18,4.18,5.901,1,1,2,6543f753696f612571ac356c,18,6616a611b1d4fd89aac7dfaa,66171cccb4c76520233ea012,Grp18-Block2-Sad
2024-04-10 16:12:44,2024-04-10 16:13:26,0,68.204.3.162,100,41,1,2024-04-10 16:13:26,R_7uLbfHt27qcIgGR,,,,,28.6841,-81.2812,anonymous,EN,,,,,1.766,1.766,14.517,1,2,7.702,7.702,8.806,1,1,2,6369700320bc7dd22e733009,18,6616a611b1d4fd89aac7dfaa,66171cc86981c55218d66ed4,Grp18-Block3-Cute
2024-04-10 16:14:41,2024-04-10 16:15:37,0,174.207.32.78,100,55,1,2024-04-10 16:15:37,R_7gaQaDDXQ85aXcJ,,,,,41.452,-81.6146,anonymous,EN,,,,,4.45,30.675,31.239,8,2,4.774,4.774,5.591,1,1,2,65c25e3de8b230c294f2b32c,18,6616a611b1d4fd89aac7dfaa,66171ceda9357cb40f186fe3,Grp18-Block3-Cute
2024-04-10 16:15:24,2024-04-10 16:15:49,0,174.194.106.47,100,25,1,2024-04-10 16:15:50,R_7JIa3AsglwijF0y,,,,,42.3653,-87.9472,anonymous,EN,0,0,10.663,0,,,,,1,1.749,2.548,3.48,2,1,2,64879f5d9f337c313d23bb2d,18,6616a611b1d4fd89aac7dfaa,66171d7cc24fdb22bb6da924,Grp18-Block2-Sad
2024-04-10 16:17:58,2024-04-10 16:18:14,0,45.30.146.242,100,16,1,2024-04-10 16:18:14,R_5DhXkkXrsF0HVwA,,,,,28.3943,-81.3615,anonymous,EN,,,,,3.994,3.994,5.14,1,3,1.953,2.391,2.8,2,3,1,66132c22185ecd480f2c9dbd,18,6616a611b1d4fd89aac7dfaa,66171e18369bcdca2931d80a,Grp18-Block3-Cute
2024-04-10 16:17:56,2024-04-10 16:18:32,0,76.88.24.124,100,35,1,2024-04-10 16:18:32,R_2fa4Y2nVRF1trme,,,,,33.0924,-117.2624,anonymous,EN,,,,,0,0,12.98,0,4,3.861,3.861,5.401,1,1,2,6546ae9565cd1cdeaa6008bc,18,6616a611b1d4fd89aac7dfaa,66171e0b83b77849ef861c38,Grp18-Block3-Cute
2024-04-10 16:19:13,2024-04-10 16:19:48,0,174.202.64.189,100,35,1,2024-04-10 16:19:48,R_3cADLPaKFccicGR,,,,,39.786,-86.1589,anonymous,EN,0,0,13.59,0,,,,,3,3.548,3.548,4.301,1,2,2,5c06bdc1619b1d00016a25cd,18,6616a611b1d4fd89aac7dfaa,66171e4a1824cc47fe7b1453,Grp18-Block2-Sad
2024-04-10 16:21:25,2024-04-10 16:22:00,0,76.36.199.123,100,35,1,2024-04-10 16:22:01,R_1QyMiJiBwBEjO92,,,,,35.8726,-80.0929,anonymous,EN,1.708,15.223,16.7,2,,,,,5,3.117,3.117,3.801,1,1,2,56c3cf0511e0940006d43f99,18,6616a611b1d4fd89aac7dfaa,66171ec565264a0308a306ab,Grp18-Block2-Sad
2024-04-10 16:23:13,2024-04-10 16:23:48,0,98.48.48.133,100,34,1,2024-04-10 16:23:48,R_7VpzwHwaZLBZSVw,,,,,35.0506,-106.7249,anonymous,EN,0,0,11.654,0,,,,,2,5.043,5.043,6.218,1,1,2,65fdc444fe056e3293026d76,18,6616a611b1d4fd89aac7dfaa,66171f4e8bdd4ff53880c645,Grp18-Block2-Sad
2024-04-10 16:23:40,2024-04-10 16:24:18,0,162.221.131.58,100,38,1,2024-04-10 16:24:18,R_7Eu5pzjiOdmOoGV,,,,,36.4679,-83.5543,anonymous,EN,,,,,12.387,12.387,18.164,1,5,2.333,2.333,4.744,1,1,1,5d42486206811e001ada5b4b,18,6616a611b1d4fd89aac7dfaa,66171f6f17fd8b0cc7bd32a9,Grp18-Block3-Cute
2024-04-10 16:25:19,2024-04-10 16:26:08,0,74.129.231.130,100,49,1,2024-04-10 16:26:09,R_3lJk9UFlR8qoO2d,,,,,38.1842,-85.8375,anonymous,EN,13.245,21.008,22.439,2,,,,,1,2.482,2.482,5.201,1,1,2,5e2ac2aa0038f21089a533a4,18,6616a611b1d4fd89aac7dfaa,66171fc7869990cc40ff0435,Grp18-Block2-Sad
2024-04-10 16:26:28,2024-04-10 16:27:05,0,172.58.126.53,100,37,1,2024-04-10 16:27:06,R_25tNJvBDH5fKwPw,,,,,42.3888,-83.1895,anonymous,EN,,,,,0,0,11.913,0,2,6.221,6.221,7.605,1,2,2,613930f9c3c440ef9a34bf02,18,6616a611b1d4fd89aac7dfaa,66171ff97eb048d1fe4a379e,Grp18-Block3-Cute
2024-04-10 16:27:47,2024-04-10 16:28:24,0,207.255.20.141,100,36,1,2024-04-10 16:28:24,R_5z7waAZzHRBPYg3,,,,,39.5761,-79.7935,anonymous,EN,,,,,0,0,14.572,0,2,2.301,3.324,4.345,2,1,2,5fa58219971cf40672951039,18,6616a611b1d4fd89aac7dfaa,6617205d83b77849ef861cb1,Grp18-Block3-Cute
2024-04-10 16:29:49,2024-04-10 16:30:08,0,67.167.95.156,100,19,1,2024-04-10 16:30:08,R_1vlpg1lEBV6O425,,,,,41.9755,-88.0878,anonymous,EN,1.308,6.638,7.206,3,,,,,3,1.276,1.276,2.338,1,1,2,63d59b52111ca1095779494b,18,6616a611b1d4fd89aac7dfaa,661720da83b77849ef861cd8,Grp18-Block2-Sad
2024-04-10 16:30:27,2024-04-10 16:31:15,0,98.149.102.113,100,48,1,2024-04-10 16:31:16,R_3OBvqDRjl40HnqU,,,,,33.7976,-118.063,anonymous,EN,0,0,18.841,0,,,,,4,2.594,2.594,4.413,1,1,1,5bf9bd81549c180001dab194,18,6616a611b1d4fd89aac7dfaa,661721047132a63f704921dd,Grp18-Block2-Sad
2024-04-10 16:31:21,2024-04-10 16:32:04,0,104.136.20.28,100,43,1,2024-04-10 16:32:04,R_20GZXuKHzLjeyJ8,,,,,28.7935,-81.2868,anonymous,EN,,,,,0,0,16.173,0,1,1.758,1.758,6.293,1,3,1,5cd50ea807cf630017c91408,18,6616a611b1d4fd89aac7dfaa,6617213252ebc95e00f90ef6,Grp18-Block3-Cute
2024-04-10 16:33:15,2024-04-10 16:33:52,0,98.248.221.5,100,37,1,2024-04-10 16:33:53,R_2hyTJtReBDyrrae,,,,,37.7201,-121.919,anonymous,EN,,,,,0.877,3.149,22.01,2,2,1.911,1.911,3.998,1,2,1,65f8d57fd2c442b60e090c39,18,6616a611b1d4fd89aac7dfaa,661721af3d55392ccac61647,Grp18-Block3-Cute
2024-04-10 16:33:16,2024-04-10 16:34:03,0,162.234.10.120,100,46,1,2024-04-10 16:34:03,R_1rZKTCj5cX1TjUJ,,,,,41.9704,-87.7036,anonymous,EN,0,0,30.832,0,,,,,1,3.372,4.223,5.798,2,1,1,6100553d098e526b5a4397db,18,6616a611b1d4fd89aac7dfaa,661721afa57eaa2b5cd5a19d,Grp18-Block2-Sad
2024-04-10 16:34:50,2024-04-10 16:35:14,0,76.117.195.142,100,24,1,2024-04-10 16:35:15,R_1ocJvcJQHxZpygY,,,,,40.3909,-74.1153,anonymous,EN,,,,,0,0,7.854,0,2,2.242,2.242,3.102,1,2,2,61281debe85082cc937dd9ae,18,6616a611b1d4fd89aac7dfaa,6617220c92dd6471607810b8,Grp18-Block3-Cute
2024-04-10 16:34:45,2024-04-10 16:35:21,0,66.170.205.143,100,36,1,2024-04-10 16:35:22,R_5rbIFGXf21nJwtj,,,,,30.3052,-95.4552,anonymous,EN,0,0,14.054,0,,,,,4,3.678,3.678,4.927,1,1,2,5ea37c11733b42302b54b64c,18,6616a611b1d4fd89aac7dfaa,661721fa812012bfd17b3b50,Grp18-Block2-Sad
2024-04-10 16:38:29,2024-04-10 16:38:48,0,173.56.46.32,100,19,1,2024-04-10 16:38:49,R_2rlwJxqHNgbV9Fu,,,,,40.6002,-74.1469,anonymous,EN,0,0,3.954,0,,,,,5,2.009,2.009,2.546,1,1,2,65cb85b6967699cc80b1d311,18,6616a611b1d4fd89aac7dfaa,661722cd83b77849ef861d50,Grp18-Block2-Sad
2024-04-10 16:38:29,2024-04-10 16:38:59,0,76.104.95.138,100,29,1,2024-04-10 16:38:59,R_21cpRdVaoZGIeKm,,,,,37.2899,-77.29,anonymous,EN,,,,,0,0,14.753,0,2,3.571,3.571,4.561,1,1,2,5f92bb81a4643a06a71e9b61,18,6616a611b1d4fd89aac7dfaa,661722d8aeef1c6c1fe433aa,Grp18-Block3-Cute
2024-04-10 16:40:28,2024-04-10 16:40:52,0,66.162.162.80,100,23,1,2024-04-10 16:40:52,R_7MaJy7aTifVZ790,,,,,28.7675,-81.2844,anonymous,EN,0,0,6.39,0,,,,,3,4.762,4.762,7.421,1,1,1,61625a497ae037549b3f9e2a,18,6616a611b1d4fd89aac7dfaa,661723627a847632c50aec98,Grp18-Block2-Sad
2024-04-10 16:41:18,2024-04-10 16:41:36,0,50.126.36.114,100,18,1,2024-04-10 16:41:36,R_5ADk3tvRefgVN1D,,,,,40.0969,-83.2612,anonymous,EN,,,,,5.271,5.271,6.399,1,2,2.723,2.723,3.441,1,1,1,63d18d8eafb7fb418594761a,18,6616a611b1d4fd89aac7dfaa,6617239378764af0c3fbb837,Grp18-Block3-Cute
2024-04-10 16:42:18,2024-04-10 16:42:42,0,151.202.50.123,100,23,1,2024-04-10 16:42:42,R_5C2fV5qpAP0K6MS,,,,,40.6295,-74.0938,anonymous,EN,0,0,7.598,0,,,,,1,2.611,2.611,4.137,1,1,2,60fdf06cb8811db8c294b3f7,18,6616a611b1d4fd89aac7dfaa,661723cf9f3d0353f995f707,Grp18-Block2-Sad
2024-04-10 16:44:03,2024-04-10 16:44:31,0,74.108.227.176,100,27,1,2024-04-10 16:44:31,R_2ZQePjDSibVg7b3,,,,,41.1482,-73.9394,anonymous,EN,,,,,0,0,11.934,0,4,5.003,5.526,6.483,2,1,2,65fee06df7991d6c26b1d316,18,6616a611b1d4fd89aac7dfaa,66172424c5b8dd7cffea3e27,Grp18-Block3-Cute
2024-04-10 16:46:34,2024-04-10 16:47:46,0,96.2.201.52,100,71,1,2024-04-10 16:47:46,R_5UWCCZhXzzNqXXH,,,,,48.4126,-97.4081,anonymous,EN,27.648,29.143,31.805,2,,,,,4,13.587,13.587,14.215,1,1,1,6544d818cdf50c46906dbf07,18,6616a611b1d4fd89aac7dfaa,661721bf52ebc95e00f90f26,Grp18-Block2-Sad
2024-04-10 16:47:30,2024-04-10 16:48:07,0,151.203.65.56,100,37,1,2024-04-10 16:48:08,R_6ugocHj76NA90zL,,,,,42.7252,-70.9784,anonymous,EN,,,,,12.108,13.797,15.317,2,2,4.028,4.028,6.659,1,1,1,64cf9d38c6677895238e9ef5,18,6616a611b1d4fd89aac7dfaa,661725037fc752e94c45fe48,Grp18-Block3-Cute
2024-04-10 16:48:45,2024-04-10 16:49:00,0,71.90.198.102,100,14,1,2024-04-10 16:49:00,R_1MjugMdSfC3oPy9,,,,,34.0195,-84.3106,anonymous,EN,0,0,5.258,0,,,,,5,1.149,1.149,2.064,1,2,1,5f4a7a00dc1bde60ab8f7ac5,18,6616a611b1d4fd89aac7dfaa,661725574e4d4932d8d41481,Grp18-Block2-Sad
2024-04-10 16:49:44,2024-04-10 16:50:22,0,99.149.217.113,100,37,1,2024-04-10 16:50:22,R_7qrXLSpkm8L83QB,,,,,38.8113,-121.2643,anonymous,EN,,,,,0,0,8.208,0,2,5.342,5.342,6.568,1,1,2,5a6c076fd5d4cb0001d65a17,18,6616a611b1d4fd89aac7dfaa,6617257dc8d59f2f43f9100c,Grp18-Block3-Cute
2024-04-10 16:51:58,2024-04-10 16:52:45,0,71.217.52.18,100,46,1,2024-04-10 16:52:46,R_5yJybHCpLKX1DA5,,,,,35.5831,-78.7881,anonymous,EN,3.749,14.625,15.63,9,,,,,4,8.582,9.29,11.756,2,1,2,5b22d2c260c40e000103b157,18,6616a611b1d4fd89aac7dfaa,661725e539340bf59586d14b,Grp18-Block2-Sad
2024-04-10 16:53:29,2024-04-10 16:54:02,0,75.52.153.126,100,33,1,2024-04-10 16:54:02,R_1FbS86wbHhvWuAK,,,,,39.7184,-82.6073,anonymous,EN,,,,,0,0,10.877,0,4,5.942,5.942,6.466,1,1,2,65f223adc0810071f7cb1061,18,6616a611b1d4fd89aac7dfaa,6617265e29d63b5d1e8023ee,Grp18-Block3-Cute
2024-04-10 16:54:02,2024-04-10 16:54:35,0,73.132.193.226,100,32,1,2024-04-10 16:54:35,R_7mb2rKRSMRAkO1R,,,,,39.3641,-77.4622,anonymous,EN,0,0,16.268,0,,,,,1,3.075,3.075,3.97,1,2,2,65e1e246ea1b2826655d2096,18,6616a611b1d4fd89aac7dfaa,6617268c92dd64716078120e,Grp18-Block2-Sad
2024-04-10 16:55:55,2024-04-10 16:56:37,0,24.214.184.87,100,42,1,2024-04-10 16:56:38,R_3dH796CDbLNee8Q,,,,,41.3861,-81.7371,anonymous,EN,,,,,0,0,16.955,0,4,2.558,2.558,3.722,1,1,2,60f22ce19d3c98dacd6d464f,18,6616a611b1d4fd89aac7dfaa,661726d19ead170d4aea3ce5,Grp18-Block3-Cute
2024-04-10 16:57:07,2024-04-10 16:58:49,0,24.99.10.161,100,102,1,2024-04-10 16:58:50,R_3HhjFT1gJ6le7Xi,,,,,34.0344,-84.6002,anonymous,EN,3.099,46.396,47.12,12,,,,,4,5.405,14.181,15.135,4,1,2,5c1ae3a0b39cf30001b5b03a,18,6616a611b1d4fd89aac7dfaa,661726f29011184cd7dbe244,Grp18-Block2-Sad
2024-04-10 16:58:56,2024-04-10 16:59:14,0,69.118.155.226,100,17,1,2024-04-10 16:59:14,R_51PaZpB1TVbQLzr,,,,,40.8617,-74.4104,anonymous,EN,,,,,0,0,6.204,0,2,2.356,3.487,3.513,3,2,1,5afdde7e59ae1e00017e6737,18,6616a611b1d4fd89aac7dfaa,661727b3e2867f3854c24a1b,Grp18-Block3-Cute
2024-04-10 16:59:45,2024-04-10 17:00:11,0,97.133.148.83,100,25,1,2024-04-10 17:00:12,R_5Hq9hN4TagleDWv,,,,,33.956,-118.3887,anonymous,EN,,,,,0,0,8.307,0,4,2.579,5.954,9.386,4,1,3,65aed1505908860daee048ce,18,6616a611b1d4fd89aac7dfaa,661727d4f217cf2d95a749c6,Grp18-Block3-Cute
2024-04-10 17:01:25,2024-04-10 17:01:54,0,71.203.144.14,100,29,1,2024-04-10 17:01:54,R_1AZ5YAzKNMYrPIj,,,,,30.45,-81.6624,anonymous,EN,0,0,12.826,0,,,,,1,1.02,1.02,2.76,1,1,1,63d193c45e01ccb694993e7f,18,6616a611b1d4fd89aac7dfaa,66172846043a4946091872a6,Grp18-Block2-Sad
2024-04-10 17:03:19,2024-04-10 17:03:32,0,73.120.186.49,100,13,1,2024-04-10 17:03:33,R_5kaXcilbjvHphFR,,,,,28.9351,-81.9903,anonymous,EN,3.327,3.327,3.764,1,,,,,5,3.038,3.038,3.401,1,1,1,63d42d3563ac982cbbfe3300,18,6616a611b1d4fd89aac7dfaa,661728bd908836043011cce0,Grp18-Block2-Sad
2024-04-10 17:04:58,2024-04-10 17:05:13,0,73.6.21.115,100,15,1,2024-04-10 17:05:14,R_5PSlJSHGwNbJley,,,,,29.8973,-95.6463,anonymous,EN,,,,,0,0,5.876,0,4,1.398,1.398,2.185,1,1,1,5ed88b61ff2fef399ca66d92,18,6616a611b1d4fd89aac7dfaa,66172921d4841a81db91f49d,Grp18-Block3-Cute
2024-04-10 17:08:06,2024-04-10 17:08:23,0,24.107.21.11,100,17,1,2024-04-10 17:08:24,R_12kQtgd50FSrOha,,,,,38.6375,-90.3778,anonymous,EN,,,,,4.509,4.509,4.537,1,1,2.063,3.005,4.102,2,1,2,653679fee376ae34ff6366c2,18,6616a611b1d4fd89aac7dfaa,661729c8e9ad9027ef3b0b1c,Grp18-Block3-Cute
2024-04-10 17:08:06,2024-04-10 17:08:32,0,98.21.13.199,100,25,1,2024-04-10 17:08:32,R_7YS4YT1SFibVhgn,,,,,34.9178,-80.718,anonymous,EN,,,,,0,0,10.113,0,3,3.799,3.799,4.854,1,1,2,5e176b2163c7a407ce2f02a1,18,6616a611b1d4fd89aac7dfaa,661729d7812012bfd17b3d4d,Grp18-Block3-Cute
2024-04-10 17:11:55,2024-04-10 17:12:22,0,71.198.113.105,100,26,1,2024-04-10 17:12:23,R_3i4CIuiE0BnrpvI,,,,,37.9269,-122.3313,anonymous,EN,0,0,5.303,0,,,,,3,9.396,12.168,12.514,3,1,1,60612d342275d6e549023687,18,6616a611b1d4fd89aac7dfaa,66172ac3e846d11d7f7b3b36,Grp18-Block2-Sad
2024-04-10 17:13:55,2024-04-10 17:14:45,0,166.199.170.62,100,50,1,2024-04-10 17:14:46,R_5K1QrmmeW2MwrOW,,,,,35.2369,-80.8957,anonymous,EN,0,0,30.416,0,,,,,1,3.121,4.275,5.442,2,2,2,65c2303c5f6554adf62d8ac5,18,6616a611b1d4fd89aac7dfaa,66172b2d2d61ac4543dbe4d7,Grp18-Block2-Sad
2024-04-10 17:16:04,2024-04-10 17:16:34,0,24.35.140.21,100,29,1,2024-04-10 17:16:34,R_7MiGOV1PVFdQnx9,,,,,34.8504,-92.4089,anonymous,EN,,,,,0,0,14.536,0,4,3.116,3.116,4.075,1,1,1,5e29cc3230cf9d03580c34bf,18,6616a611b1d4fd89aac7dfaa,66172bb0a615a367b1f20362,Grp18-Block3-Cute
2024-04-10 17:16:50,2024-04-10 17:17:32,0,136.50.159.213,100,42,1,2024-04-10 17:17:32,R_5JqGwZCG3NCkRRg,,,,,29.4963,-98.4004,anonymous,EN,5.634,5.634,9.818,1,,,,,4,2.798,2.798,3.838,1,1,2,601750d7a0361e9a5e4fdc56,18,6616a611b1d4fd89aac7dfaa,66172bcb4c22ae760bdc01d9,Grp18-Block2-Sad
2024-04-10 17:18:46,2024-04-10 17:19:16,0,66.25.228.46,100,29,1,2024-04-10 17:19:16,R_5OGw6FHSz0hsK3v,,,,,30.1136,-94.1226,anonymous,EN,0,0,10.902,0,,,,,3,3.571,3.571,4.488,1,2,2,6563995acaafb3aa801c2440,18,6616a611b1d4fd89aac7dfaa,66172c5592dd647160781397,Grp18-Block2-Sad
2024-04-10 17:19:45,2024-04-10 17:20:01,0,108.216.4.79,100,16,1,2024-04-10 17:20:02,R_2ktT66jYW0TIzDg,,,,,30.0822,-81.5498,anonymous,EN,,,,,0,0,4.854,0,3,0,0,4.388,0,1,1,5809f556b869700001d71179,18,6616a611b1d4fd89aac7dfaa,66172bbe56b2e50507ff0805,Grp18-Block3-Cute
2024-04-10 17:21:23,2024-04-10 17:21:49,0,107.204.156.36,100,25,1,2024-04-10 17:21:50,R_5GfXdIpJY09rZAK,,,,,33.2592,-117.0024,anonymous,EN,2.996,2.996,4.85,1,,,,,5,2.316,2.316,3.008,1,1,2,65cb996c96cd88ab552a482f,18,6616a611b1d4fd89aac7dfaa,66172cec8313009ac7fbbc60,Grp18-Block2-Sad
2024-04-10 17:22:39,2024-04-10 17:24:10,0,35.148.113.144,100,91,1,2024-04-10 17:24:11,R_5AHmFavTzH80j4A,,,,,44.6615,-90.179,anonymous,EN,,,,,0,0,21.497,0,4,28.147,29.637,30.17,3,1,2,5e50a7e6f728910f381ecefc,18,6616a611b1d4fd89aac7dfaa,66172cf6052026667ea74afb,Grp18-Block3-Cute
2024-04-10 17:23:52,2024-04-10 17:24:32,0,69.75.108.73,100,40,1,2024-04-10 17:24:33,R_1oKQoVnihn7CYE4,,,,,34.1806,-118.4575,anonymous,EN,,,,,0,0,21.08,0,2,6.036,6.6,11.043,2,3,2,60000f2a76c4781a8bd880a0,18,6616a611b1d4fd89aac7dfaa,66172d852d61ac4543dbe554,Grp18-Block3-Cute
2024-04-10 17:25:54,2024-04-10 17:26:16,0,108.34.168.254,100,21,1,2024-04-10 17:26:17,R_7QZAvGXYoEiiqLD,,,,,41.7689,-71.4758,anonymous,EN,1.479,1.479,10.123,1,,,,,5,2.588,3.289,3.959,2,1,2,656b41dde1d595df0ff84051,18,6616a611b1d4fd89aac7dfaa,66172e03f3fb13ac77d67284,Grp18-Block2-Sad
2024-04-10 17:25:50,2024-04-10 17:26:25,0,173.91.221.4,100,34,1,2024-04-10 17:26:25,R_5pL1Wgm5BHTL7SU,,,,,41.161,-80.6855,anonymous,EN,7.41,15.069,16.285,4,,,,,5,2.802,2.802,4.354,1,2,1,5a502d82e0cf3d000125df70,18,6616a611b1d4fd89aac7dfaa,66172da30a495b9ca686d3b4,Grp18-Block2-Sad
2024-04-10 17:28:31,2024-04-10 17:29:03,0,136.32.99.126,100,31,1,2024-04-10 17:29:03,R_1yPewahzKqFnpPH,,,,,39.1134,-94.674,anonymous,EN,,,,,0,0,10.454,0,3,2.813,2.813,5.276,1,2,2,607ce9df61f8f44b9403edfc,18,6616a611b1d4fd89aac7dfaa,66172ea2e846d11d7f7b3c0b,Grp18-Block3-Cute
2024-04-10 17:28:57,2024-04-10 17:30:21,0,172.58.126.254,100,83,1,2024-04-10 17:30:21,R_7wnOpIy3CkKQ4zr,,,,,42.3888,-83.1895,anonymous,EN,,,,,20.395,20.395,31.188,1,3,21.302,33.594,34.83,2,1,2,657b836bb82c37cf3d68df6d,18,6616a611b1d4fd89aac7dfaa,66172e95a9357cb40f187434,Grp18-Block3-Cute
2024-04-10 17:31:00,2024-04-10 17:31:21,0,73.170.134.248,100,20,1,2024-04-10 17:31:21,R_7vwD6j7OIlLpyqB,,,,,37.3512,-121.8846,anonymous,EN,4.102,4.102,5.468,1,,,,,4,2.208,3.741,4.29,2,2,1,6536c41cb561b9b5ad4d0973,18,6616a611b1d4fd89aac7dfaa,66172f3ad34f36839b8f0423,Grp18-Block2-Sad
2024-04-10 17:32:27,2024-04-10 17:34:02,0,24.154.118.71,100,94,1,2024-04-10 17:34:02,R_52QipM2IxCIROJv,,,,,40.6956,-80.0969,anonymous,EN,,,,,5.594,5.594,7.676,1,5,46.425,46.425,47.343,1,3,1,6153144b6c389cb97e3169c3,18,6616a611b1d4fd89aac7dfaa,66172f83d4841a81db91f616,Grp18-Block3-Cute
2024-04-10 17:34:26,2024-04-10 17:34:47,0,96.242.28.162,100,21,1,2024-04-10 17:34:48,R_3pKXsWbWm8PRQBj,,,,,40.7182,-74.0476,anonymous,EN,8.041,9.751,10.384,2,,,,,4,1.904,2.296,3.001,2,2,2,655f972cbc7b681ef0fdc0bd,18,6616a611b1d4fd89aac7dfaa,66172ff217fd8b0cc7bd36cd,Grp18-Block2-Sad
2024-04-10 17:36:39,2024-04-10 17:37:10,0,74.101.112.165,100,31,1,2024-04-10 17:37:11,R_7rZ1p4LkIEdIv51,,,,,40.5832,-73.6594,anonymous,EN,0,0,7.912,0,,,,,3,3.351,3.351,5.1,1,1,1,660b4bf860c9a85ec26cb553,18,6616a611b1d4fd89aac7dfaa,66173089d0db7cf2c6a2baf4,Grp18-Block2-Sad
2024-04-10 17:38:07,2024-04-10 17:38:27,0,68.96.255.57,100,19,1,2024-04-10 17:38:28,R_1jUIhrwErpnhbMJ,,,,,36.0861,-115.2541,anonymous,EN,,,,,0,0,5.002,0,1,2.125,2.583,3.901,2,2,2,5bddc463712eb800010d2e4d,18,6616a611b1d4fd89aac7dfaa,661730e3488493cce8e92698,Grp18-Block3-Cute
2024-04-10 17:40:26,2024-04-10 17:41:10,0,73.135.22.186,100,44,1,2024-04-10 17:41:11,R_10OpycAWEdoskK1,,,,,39.5191,-78.0894,anonymous,EN,0,0,16.635,0,,,,,4,11.064,11.064,12.046,1,1,2,65fa0e79a7fdcf0438102496,18,6616a611b1d4fd89aac7dfaa,6617315cea63bde1ad7f8f53,Grp18-Block2-Sad
2024-04-10 17:41:58,2024-04-10 17:42:38,0,76.88.92.183,100,39,1,2024-04-10 17:42:38,R_7KpwfmB8j9ageCM,,,,,33.0924,-117.2624,anonymous,EN,,,,,0,0,13.423,0,1,3.546,3.546,8.077,1,3,1,62b5ea86c27a56a257dffc82,18,6616a611b1d4fd89aac7dfaa,661731ca05721f723ddc02c6,Grp18-Block3-Cute
2024-04-10 17:43:41,2024-04-10 17:44:14,0,173.2.250.84,100,32,1,2024-04-10 17:44:14,R_3ZIGuAwldXpR2Ol,,,,,41.0641,-73.548,anonymous,EN,0,0,14.167,0,,,,,2,3.181,3.181,4.642,1,3,2,636eef4c2fa8b09cc41bba0e,18,6616a611b1d4fd89aac7dfaa,66173233a0cada45ab7df84e,Grp18-Block2-Sad
2024-04-10 17:45:06,2024-04-10 17:46:15,0,67.183.251.209,100,68,1,2024-04-10 17:46:15,R_32LVCMpJmMP0iuk,,,,,48.3108,-122.6322,anonymous,EN,,,,,0,0,17.348,0,4,13.295,37.209,38.509,2,1,3,5eb3935fd0e02317909c5f32,18,6616a611b1d4fd89aac7dfaa,66173282d0db7cf2c6a2bb6b,Grp18-Block3-Cute
2024-04-10 17:46:42,2024-04-10 17:47:22,0,98.115.105.110,100,39,1,2024-04-10 17:47:22,R_7O343hJ6jVNH0Wt,,,,,40.2673,-74.9487,anonymous,EN,0,0,14.104,0,,,,,1,3.806,3.806,8.041,1,2,2,605f61f6a2529d666698844b,18,6616a611b1d4fd89aac7dfaa,661732e436fc70d7da6dafdd,Grp18-Block2-Sad
2024-04-10 17:48:30,2024-04-10 17:49:08,0,174.52.181.85,100,37,1,2024-04-10 17:49:08,R_7Kk9TllXFPx6hTQ,,,,,40.2584,-111.6591,anonymous,EN,,,,,0,0,17.392,0,1,3.722,3.722,5.302,1,2,2,6111ab448baf32c5bc74a2ff,18,6616a611b1d4fd89aac7dfaa,6617333e56b2e50507ff09d7,Grp18-Block3-Cute
2024-04-10 17:50:17,2024-04-10 17:51:16,0,65.60.179.208,100,58,1,2024-04-10 17:51:17,R_3fNrTvNcBWOUxeJ,,,,,39.9508,-82.9329,anonymous,EN,,,,,0,0,9.32,0,2,5.395,9.963,10.669,5,1,2,65663e348468a5f9578a63cd,18,6616a611b1d4fd89aac7dfaa,661733b2ea63bde1ad7f8fed,Grp18-Block3-Cute
2024-04-10 17:51:52,2024-04-10 17:52:19,0,175.29.117.213,100,26,1,2024-04-10 17:52:19,R_1ia3SK1SVUklaTa,,,,,32.7776,-79.9413,anonymous,EN,0,0,1.043,0,,,,,5,12.63,13.449,14.655,2,1,2,63d9bbe653e18c0a4e74f51f,18,6616a611b1d4fd89aac7dfaa,661733ca488493cce8e9273e,Grp18-Block2-Sad
2024-04-10 17:54:13,2024-04-10 17:54:44,0,70.115.52.46,100,30,1,2024-04-10 17:54:44,R_5p3fFntEmtblNS0,,,,,31.7703,-106.3006,anonymous,EN,0,0,13.631,0,,,,,4,2.65,2.65,3.972,1,1,2,5edd2225676334a0e631b7d0,18,6616a611b1d4fd89aac7dfaa,661734a5fc751cc3c6861fc6,Grp18-Block2-Sad
2024-04-10 17:55:47,2024-04-10 17:56:18,0,73.131.16.189,100,30,1,2024-04-10 17:56:19,R_1aei5P8Eme1oWgx,,,,,32.8215,-80.0568,anonymous,EN,,,,,10.322,10.322,12.138,1,2,7.044,7.044,7.952,1,1,2,60fd74b81e7bc92fea5269ec,18,6616a611b1d4fd89aac7dfaa,661734fc895a702fed715a6c,Grp18-Block3-Cute
2024-04-10 17:57:52,2024-04-10 17:58:53,0,174.44.23.9,100,60,1,2024-04-10 17:58:53,R_1E6GJLeET5XaS6B,,,,,40.916,-73.0497,anonymous,EN,31.844,31.844,36.918,1,,,,,3,3.569,3.569,4.598,1,2,2,65a310e27edb947ce09c873e,18,6616a611b1d4fd89aac7dfaa,66173581d4841a81db91f79f,Grp18-Block2-Sad
2024-04-10 18:00:50,2024-04-10 18:01:16,0,76.141.45.54,100,26,1,2024-04-10 18:01:17,R_3JLuwbZCfpeENyZ,,,,,41.8957,-87.9435,anonymous,EN,,,,,0,0,11.676,0,2,4.643,5.126,6.033,2,2,1,60fded771d362f0624a42a38,18,6616a611b1d4fd89aac7dfaa,6617363121706d900529d3de,Grp18-Block3-Cute
2024-04-10 18:01:52,2024-04-10 18:02:27,0,70.178.208.105,100,34,1,2024-04-10 18:02:27,R_5ccuYGLBQdSz7ef,,,,,35.3199,-94.4018,anonymous,EN,,,,,0,0,12.424,0,3,6.358,8.086,8.72,2,1,1,5fee4a12069e3b0c91f2531f,18,6616a611b1d4fd89aac7dfaa,6617366ca9357cb40f18765f,Grp18-Block3-Cute
2024-04-10 18:04:46,2024-04-10 18:05:28,0,172.58.1.2,100,41,1,2024-04-10 18:05:28,R_6uyeEt02zEXG8mr,,,,,33.7542,-84.2601,anonymous,EN,0,0,2.791,0,,,,,4,21.344,21.344,22.166,1,1,1,62732854d22b38dbdae3ef9c,18,6616a611b1d4fd89aac7dfaa,6617371c3d55392ccac61b7b,Grp18-Block2-Sad
2024-04-10 18:04:49,2024-04-10 18:05:28,0,174.242.37.118,100,39,1,2024-04-10 18:05:29,R_7Maj7sXlh8OUqjW,,,,,40.4324,-79.9247,anonymous,EN,,,,,0,0,14.343,0,5,4.156,5.038,5.734,2,1,2,65dca2a6e767214dee312631,18,6616a611b1d4fd89aac7dfaa,6617371070b9431e8b8f05f8,Grp18-Block3-Cute
2024-04-10 18:07:58,2024-04-10 18:08:59,0,73.127.108.224,100,60,1,2024-04-10 18:08:59,R_3AQJYYOhFLrETGF,,,,,32.5612,-92.0365,anonymous,EN,0,0,8.768,0,,,,,2,1.492,3.113,3.9,2,1,2,5c28f15b867f660001aea4dc,18,6616a611b1d4fd89aac7dfaa,661737db6981c55218d674d5,Grp18-Block2-Sad
2024-04-10 18:10:02,2024-04-10 18:10:38,0,24.211.136.253,100,36,1,2024-04-10 18:10:38,R_176RUHUkDcAnVmq,,,,,35.9151,-79.0972,anonymous,EN,,,,,0,0,12.882,0,3,5.054,5.054,6.784,1,1,2,58064eb95dbea00001d72d74,18,6616a611b1d4fd89aac7dfaa,6617384a9f30b7c9a77dfc6d,Grp18-Block3-Cute
2024-04-10 18:12:06,2024-04-10 18:12:35,0,24.74.100.23,100,28,1,2024-04-10 18:12:35,R_3Pq3i4lDnChVASl,,,,,35.1046,-81.2168,anonymous,EN,0,0,9.118,0,,,,,2,3.26,3.958,7.14,2,1,2,65ef1b4257164ebb8e1db886,18,6616a611b1d4fd89aac7dfaa,661738d6115fc656b85c310e,Grp18-Block2-Sad
2024-04-10 18:13:08,2024-04-10 18:13:23,0,198.7.228.103,100,14,1,2024-04-10 18:13:23,R_8dF7HHfUETiXlbr,,,,,41.6528,-71.4697,anonymous,EN,,,,,0,0,4.591,0,2,1.015,1.015,2.682,1,1,1,5b170a8bdbae3e00017e6c11,18,6616a611b1d4fd89aac7dfaa,6617391cb5024c13df19ee4e,Grp18-Block3-Cute
2024-04-10 18:14:51,2024-04-10 18:15:25,0,73.74.174.10,100,34,1,2024-04-10 18:15:26,R_2c5fieD2Bu8BHpS,,,,,42.1643,-88.3124,anonymous,EN,0,0,11.795,0,,,,,2,3.129,3.129,4.977,1,1,1,66132a857b6fe8329a4a74b1,18,6616a611b1d4fd89aac7dfaa,66173979052026667ea74dc0,Grp18-Block2-Sad
2024-04-10 18:16:52,2024-04-10 18:17:18,0,69.246.38.22,100,25,1,2024-04-10 18:17:18,R_2t5cICyfvxSUsGB,,,,,35.1387,-90.0095,anonymous,EN,1.641,1.641,8.916,1,,,,,4,3.321,3.321,4.522,1,1,3,5e2a4ad0e8a5c40ab6f047c5,18,6616a611b1d4fd89aac7dfaa,661739e936fc70d7da6db1ae,Grp18-Block2-Sad
2024-04-10 18:19:45,2024-04-10 18:20:37,0,73.191.119.17,100,51,1,2024-04-10 18:20:37,R_3GONtb6Y8icJyg1,,,,,39.0828,-77.1674,anonymous,EN,,,,,3.392,11.303,20.432,4,3,4.981,4.981,5.935,1,3,2,65c10d172e5146577fd1a778,18,6616a611b1d4fd89aac7dfaa,66173a8d56b2e50507ff0b55,Grp18-Block3-Cute
2024-04-10 18:23:40,2024-04-10 18:24:16,0,100.35.209.224,100,36,1,2024-04-10 18:24:17,R_21aIbXEs1AaTYEV,,,,,40.5921,-74.6238,anonymous,EN,19.179,19.93,20.826,2,,,,,5,3.809,4.328,5.087,2,1,2,659582297ec0aa2387af5602,18,6616a611b1d4fd89aac7dfaa,66173b877a847632c50af27b,Grp18-Block2-Sad
2024-04-10 18:26:26,2024-04-10 18:27:03,0,76.135.204.160,100,37,1,2024-04-10 18:27:04,R_5P3z8HRcmGiB7Sp,,,,,47.2962,-122.3953,anonymous,EN,,,,,0,0,14.954,0,4,4.565,4.565,6.088,1,1,2,5dda0a8b3c870a9824c901f5,18,6616a611b1d4fd89aac7dfaa,66173c2d9011184cd7dbe6d5,Grp18-Block3-Cute
2024-04-10 18:26:26,2024-04-10 18:27:04,0,98.62.185.128,100,38,1,2024-04-10 18:27:05,R_1T2jHLquSgAGEH7,,,,,33.9721,-84.4406,anonymous,EN,,,,,0,0,17.54,0,3,2.698,6.136,7.342,2,3,2,65f45946f2b97b9d40761ce1,18,6616a611b1d4fd89aac7dfaa,66173c36ea63bde1ad7f91b2,Grp18-Block3-Cute
2024-04-10 18:30:36,2024-04-10 18:31:06,0,73.254.189.6,100,30,1,2024-04-10 18:31:07,R_7rI1nuMwMRyp80h,,,,,48.0589,-122.1579,anonymous,EN,13.62,13.62,15.968,1,,,,,3,4.053,4.053,5.338,1,2,2,6617291060bda6bdd47a7b5b,18,6616a611b1d4fd89aac7dfaa,66173d27488493cce8e9291f,Grp18-Block2-Sad
2024-04-11 09:03:43,2024-04-11 09:04:12,1,,100,28,1,2024-04-11 09:04:13,R_3LiIZo36ikeVbwv,,,,,49.4645,-122.84,preview,EN,,,,,3.732,3.732,4.59,1,4,1.57,1.57,2.662,1,3,2,,,,,Grp18-Block3-Cute
